investor_id,first_year,transaction_date,sip_amount,fund,transaction_type
INV0001,2019,2019-01-03,5000,Axis Small Cap Fund,SIP
INV0001,2019,2019-02-01,5000,Axis Small Cap Fund,SIP
INV0001,2019,2019-03-03,5000,Axis Small Cap Fund,SIP
INV0001,2019,2019-04-03,5000,Axis Small Cap Fund,SIP
INV0001,2019,2019-05-03,5000,Axis Small Cap Fund,SIP
INV0001,2019,2019-05-31,5000,Axis Small Cap Fund,SIP
INV0001,2019,2019-07-02,5000,Axis Small Cap Fund,Lumpsum
INV0001,2019,2019-07-30,5000,Axis Small Cap Fund,SIP
INV0001,2019,2019-08-28,5000,Axis Small Cap Fund,SIP
INV0001,2019,2019-10-02,5000,Axis Small Cap Fund,SIP
INV0001,2019,2019-10-31,5000,Axis Small Cap Fund,SIP
INV0001,2019,2019-12-01,5000,Axis Small Cap Fund,SIP
INV0001,2019,2019-12-24,5000,Axis Small Cap Fund,SIP
INV0001,2019,2020-01-24,5000,Axis Small Cap Fund,SIP
INV0001,2019,2020-02-22,5000,Axis Small Cap Fund,Lumpsum
INV0001,2019,2020-03-27,5000,Axis Small Cap Fund,SIP
INV0001,2019,2020-04-26,5000,Axis Small Cap Fund,SIP
INV0001,2019,2020-05-28,5000,Axis Small Cap Fund,Lumpsum
INV0001,2019,2020-06-20,5000,Axis Small Cap Fund,SIP
INV0001,2019,2020-07-28,5000,Axis Small Cap Fund,SIP
INV0002,2019,2019-01-02,5000,ICICI Pru Smallcap Fund,SIP
INV0002,2019,2019-02-02,5000,ICICI Pru Smallcap Fund,SIP
INV0002,2019,2019-02-25,5000,ICICI Pru Smallcap Fund,SIP
INV0002,2019,2019-04-03,5000,ICICI Pru Smallcap Fund,SIP
INV0002,2019,2019-05-01,5000,ICICI Pru Smallcap Fund,SIP
INV0002,2019,2019-05-29,5000,ICICI Pru Smallcap Fund,SIP
INV0002,2019,2019-06-26,5000,ICICI Pru Smallcap Fund,SIP
INV0002,2019,2019-07-26,5000,ICICI Pru Smallcap Fund,SIP
INV0002,2019,2019-08-27,5000,ICICI Pru Smallcap Fund,SIP
INV0002,2019,2019-09-30,5000,ICICI Pru Smallcap Fund,SIP
INV0002,2019,2019-10-31,5000,ICICI Pru Smallcap Fund,Lumpsum
INV0002,2019,2019-11-26,5000,ICICI Pru Smallcap Fund,SIP
INV0002,2019,2019-12-23,5000,ICICI Pru Smallcap Fund,SIP
INV0002,2019,2020-01-28,5000,ICICI Pru Smallcap Fund,SIP
INV0002,2019,2020-02-28,5000,ICICI Pru Smallcap Fund,SIP
INV0002,2019,2020-03-21,5000,ICICI Pru Smallcap Fund,SIP
INV0002,2019,2020-04-28,5000,ICICI Pru Smallcap Fund,SIP
INV0002,2019,2020-05-27,5000,ICICI Pru Smallcap Fund,SIP
INV0002,2019,2020-06-21,5000,ICICI Pru Smallcap Fund,SIP
INV0002,2019,2020-07-21,5000,ICICI Pru Smallcap Fund,SIP
INV0003,2019,2019-01-02,3000,Mirae Asset Large Cap,SIP
INV0003,2019,2019-02-01,3000,Mirae Asset Large Cap,Lumpsum
INV0003,2019,2019-02-26,3000,Mirae Asset Large Cap,SIP
INV0003,2019,2019-04-02,3000,Mirae Asset Large Cap,SIP
INV0003,2019,2019-05-03,3000,Mirae Asset Large Cap,SIP
INV0003,2019,2019-06-02,3000,Mirae Asset Large Cap,SIP
INV0003,2019,2019-06-27,3000,Mirae Asset Large Cap,SIP
INV0003,2019,2019-07-29,3000,Mirae Asset Large Cap,Lumpsum
INV0003,2019,2019-08-26,3000,Mirae Asset Large Cap,SIP
INV0003,2019,2019-10-02,3000,Mirae Asset Large Cap,SIP
INV0003,2019,2019-10-29,3000,Mirae Asset Large Cap,SIP
INV0003,2019,2019-12-01,3000,Mirae Asset Large Cap,SIP
INV0003,2019,2019-12-24,3000,Mirae Asset Large Cap,SIP
INV0003,2019,2020-01-27,3000,Mirae Asset Large Cap,SIP
INV0003,2019,2020-02-23,3000,Mirae Asset Large Cap,Lumpsum
INV0004,2019,2018-12-30,10000,IDFC Large Cap Fund,Lumpsum
INV0004,2019,2019-02-01,10000,IDFC Large Cap Fund,SIP
INV0004,2019,2019-03-02,10000,IDFC Large Cap Fund,Lumpsum
INV0004,2019,2019-04-05,10000,IDFC Large Cap Fund,Lumpsum
INV0004,2019,2019-05-04,10000,IDFC Large Cap Fund,SIP
INV0004,2019,2019-05-29,10000,IDFC Large Cap Fund,Lumpsum
INV0004,2019,2019-07-04,10000,IDFC Large Cap Fund,SIP
INV0004,2019,2019-08-02,10000,IDFC Large Cap Fund,SIP
INV0004,2019,2019-08-24,10000,IDFC Large Cap Fund,SIP
INV0004,2019,2019-10-01,10000,IDFC Large Cap Fund,Lumpsum
INV0004,2019,2019-10-31,10000,IDFC Large Cap Fund,SIP
INV0004,2019,2019-11-27,10000,IDFC Large Cap Fund,SIP
INV0004,2019,2019-12-30,10000,IDFC Large Cap Fund,SIP
INV0004,2019,2020-01-21,10000,IDFC Large Cap Fund,SIP
INV0004,2019,2020-02-27,10000,IDFC Large Cap Fund,Lumpsum
INV0004,2019,2020-03-26,10000,IDFC Large Cap Fund,SIP
INV0005,2019,2018-12-28,1000,Tata Large Cap Fund,SIP
INV0005,2019,2019-01-30,1000,Tata Large Cap Fund,SIP
INV0005,2019,2019-02-25,1000,Tata Large Cap Fund,SIP
INV0005,2019,2019-03-28,1000,Tata Large Cap Fund,SIP
INV0005,2019,2019-05-01,1000,Tata Large Cap Fund,SIP
INV0005,2019,2019-05-26,1000,Tata Large Cap Fund,SIP
INV0005,2019,2019-06-26,1000,Tata Large Cap Fund,SIP
INV0005,2019,2019-08-03,1000,Tata Large Cap Fund,Lumpsum
INV0005,2019,2019-08-30,1000,Tata Large Cap Fund,SIP
INV0005,2019,2019-09-30,1000,Tata Large Cap Fund,SIP
INV0005,2019,2019-10-28,1000,Tata Large Cap Fund,SIP
INV0005,2019,2019-11-25,1000,Tata Large Cap Fund,Lumpsum
INV0006,2019,2019-01-04,3000,HDFC Mid-Cap Opportunities,SIP
INV0006,2019,2019-01-31,3000,HDFC Mid-Cap Opportunities,SIP
INV0006,2019,2019-02-27,3000,HDFC Mid-Cap Opportunities,SIP
INV0006,2019,2019-03-30,3000,HDFC Mid-Cap Opportunities,SIP
INV0006,2019,2019-04-28,3000,HDFC Mid-Cap Opportunities,Lumpsum
INV0006,2019,2019-05-29,3000,HDFC Mid-Cap Opportunities,SIP
INV0007,2019,2019-01-02,5000,Tata Small Cap Fund,Lumpsum
INV0007,2019,2019-01-26,5000,Tata Small Cap Fund,SIP
INV0007,2019,2019-03-05,5000,Tata Small Cap Fund,SIP
INV0007,2019,2019-04-02,5000,Tata Small Cap Fund,SIP
INV0007,2019,2019-05-05,5000,Tata Small Cap Fund,SIP
INV0007,2019,2019-06-04,5000,Tata Small Cap Fund,Lumpsum
INV0007,2019,2019-06-28,5000,Tata Small Cap Fund,SIP
INV0007,2019,2019-07-26,5000,Tata Small Cap Fund,Lumpsum
INV0007,2019,2019-08-28,5000,Tata Small Cap Fund,Lumpsum
INV0007,2019,2019-09-29,5000,Tata Small Cap Fund,SIP
INV0007,2019,2019-10-25,5000,Tata Small Cap Fund,SIP
INV0007,2019,2019-11-24,5000,Tata Small Cap Fund,Lumpsum
INV0007,2019,2019-12-27,5000,Tata Small Cap Fund,SIP
INV0008,2019,2019-01-03,5000,Franklin India Bluechip,SIP
INV0008,2019,2019-02-02,5000,Franklin India Bluechip,SIP
INV0008,2019,2019-02-27,5000,Franklin India Bluechip,SIP
INV0008,2019,2019-04-04,5000,Franklin India Bluechip,SIP
INV0008,2019,2019-04-27,5000,Franklin India Bluechip,SIP
INV0008,2019,2019-05-27,5000,Franklin India Bluechip,SIP
INV0008,2019,2019-06-27,5000,Franklin India Bluechip,SIP
INV0008,2019,2019-08-02,5000,Franklin India Bluechip,SIP
INV0008,2019,2019-08-27,5000,Franklin India Bluechip,SIP
INV0008,2019,2019-09-27,5000,Franklin India Bluechip,SIP
INV0008,2019,2019-10-30,5000,Franklin India Bluechip,SIP
INV0008,2019,2019-11-28,5000,Franklin India Bluechip,SIP
INV0008,2019,2019-12-22,5000,Franklin India Bluechip,SIP
INV0008,2019,2020-01-23,5000,Franklin India Bluechip,SIP
INV0008,2019,2020-02-25,5000,Franklin India Bluechip,SIP
INV0008,2019,2020-03-26,5000,Franklin India Bluechip,Lumpsum
INV0008,2019,2020-04-22,5000,Franklin India Bluechip,Lumpsum
INV0008,2019,2020-05-21,5000,Franklin India Bluechip,SIP
INV0008,2019,2020-06-19,5000,Franklin India Bluechip,SIP
INV0008,2019,2020-07-19,5000,Franklin India Bluechip,SIP
INV0008,2019,2020-08-20,5000,Franklin India Bluechip,SIP
INV0008,2019,2020-09-17,5000,Franklin India Bluechip,SIP
INV0009,2019,2018-12-31,5000,ICICI Pru Smallcap Fund,Lumpsum
INV0009,2019,2019-02-03,5000,ICICI Pru Smallcap Fund,Lumpsum
INV0009,2019,2019-02-25,5000,ICICI Pru Smallcap Fund,SIP
INV0009,2019,2019-03-29,5000,ICICI Pru Smallcap Fund,Lumpsum
INV0009,2019,2019-04-29,5000,ICICI Pru Smallcap Fund,SIP
INV0009,2019,2019-05-30,5000,ICICI Pru Smallcap Fund,SIP
INV0009,2019,2019-06-25,5000,ICICI Pru Smallcap Fund,SIP
INV0009,2019,2019-07-26,5000,ICICI Pru Smallcap Fund,SIP
INV0009,2019,2019-08-29,5000,ICICI Pru Smallcap Fund,SIP
INV0009,2019,2019-09-30,5000,ICICI Pru Smallcap Fund,SIP
INV0009,2019,2019-10-24,5000,ICICI Pru Smallcap Fund,SIP
INV0009,2019,2019-11-27,5000,ICICI Pru Smallcap Fund,SIP
INV0009,2019,2019-12-31,5000,ICICI Pru Smallcap Fund,Lumpsum
INV0009,2019,2020-01-21,5000,ICICI Pru Smallcap Fund,Lumpsum
INV0009,2019,2020-02-28,5000,ICICI Pru Smallcap Fund,SIP
INV0009,2019,2020-03-27,5000,ICICI Pru Smallcap Fund,SIP
INV0009,2019,2020-04-26,5000,ICICI Pru Smallcap Fund,SIP
INV0009,2019,2020-05-21,5000,ICICI Pru Smallcap Fund,Lumpsum
INV0009,2019,2020-06-28,5000,ICICI Pru Smallcap Fund,SIP
INV0010,2019,2019-01-03,5000,Mirae Asset Midcap Fund,SIP
INV0010,2019,2019-01-28,5000,Mirae Asset Midcap Fund,SIP
INV0010,2019,2019-02-26,5000,Mirae Asset Midcap Fund,SIP
INV0010,2019,2019-04-02,5000,Mirae Asset Midcap Fund,SIP
INV0010,2019,2019-04-28,5000,Mirae Asset Midcap Fund,SIP
INV0010,2019,2019-05-31,5000,Mirae Asset Midcap Fund,SIP
INV0011,2019,2019-01-01,1000,Kotak Bluechip Fund,SIP
INV0011,2019,2019-01-30,1000,Kotak Bluechip Fund,SIP
INV0011,2019,2019-03-01,1000,Kotak Bluechip Fund,SIP
INV0011,2019,2019-03-31,1000,Kotak Bluechip Fund,SIP
INV0011,2019,2019-05-01,1000,Kotak Bluechip Fund,SIP
INV0011,2019,2019-05-29,1000,Kotak Bluechip Fund,SIP
INV0011,2019,2019-06-27,1000,Kotak Bluechip Fund,SIP
INV0011,2019,2019-07-28,1000,Kotak Bluechip Fund,SIP
INV0011,2019,2019-08-25,1000,Kotak Bluechip Fund,SIP
INV0011,2019,2019-09-25,1000,Kotak Bluechip Fund,SIP
INV0011,2019,2019-10-25,1000,Kotak Bluechip Fund,SIP
INV0011,2019,2019-11-28,1000,Kotak Bluechip Fund,SIP
INV0011,2019,2019-12-31,1000,Kotak Bluechip Fund,Lumpsum
INV0011,2019,2020-01-27,1000,Kotak Bluechip Fund,SIP
INV0011,2019,2020-02-24,1000,Kotak Bluechip Fund,SIP
INV0011,2019,2020-03-30,1000,Kotak Bluechip Fund,SIP
INV0011,2019,2020-04-21,1000,Kotak Bluechip Fund,SIP
INV0011,2019,2020-05-25,1000,Kotak Bluechip Fund,SIP
INV0011,2019,2020-06-26,1000,Kotak Bluechip Fund,Lumpsum
INV0011,2019,2020-07-19,1000,Kotak Bluechip Fund,Lumpsum
INV0012,2019,2019-01-05,10000,Nippon India Growth Fund,SIP
INV0012,2019,2019-01-30,10000,Nippon India Growth Fund,SIP
INV0012,2019,2019-03-01,10000,Nippon India Growth Fund,SIP
INV0012,2019,2019-03-30,10000,Nippon India Growth Fund,SIP
INV0012,2019,2019-05-05,10000,Nippon India Growth Fund,SIP
INV0012,2019,2019-05-30,10000,Nippon India Growth Fund,SIP
INV0012,2019,2019-06-25,10000,Nippon India Growth Fund,SIP
INV0012,2019,2019-07-29,10000,Nippon India Growth Fund,SIP
INV0013,2019,2018-12-28,2000,Mirae Asset Large Cap,SIP
INV0013,2019,2019-02-04,2000,Mirae Asset Large Cap,SIP
INV0013,2019,2019-03-06,2000,Mirae Asset Large Cap,SIP
INV0013,2019,2019-04-03,2000,Mirae Asset Large Cap,SIP
INV0013,2019,2019-04-29,2000,Mirae Asset Large Cap,SIP
INV0013,2019,2019-06-01,2000,Mirae Asset Large Cap,Lumpsum
INV0013,2019,2019-06-28,2000,Mirae Asset Large Cap,SIP
INV0013,2019,2019-07-26,2000,Mirae Asset Large Cap,SIP
INV0013,2019,2019-08-24,2000,Mirae Asset Large Cap,SIP
INV0014,2019,2018-12-29,3000,UTI Flexi Cap Fund,Lumpsum
INV0014,2019,2019-02-02,3000,UTI Flexi Cap Fund,Lumpsum
INV0014,2019,2019-02-26,3000,UTI Flexi Cap Fund,SIP
INV0014,2019,2019-03-28,3000,UTI Flexi Cap Fund,SIP
INV0014,2019,2019-04-26,3000,UTI Flexi Cap Fund,SIP
INV0014,2019,2019-06-04,3000,UTI Flexi Cap Fund,SIP
INV0014,2019,2019-06-26,3000,UTI Flexi Cap Fund,SIP
INV0014,2019,2019-07-31,3000,UTI Flexi Cap Fund,SIP
INV0014,2019,2019-08-28,3000,UTI Flexi Cap Fund,SIP
INV0014,2019,2019-09-30,3000,UTI Flexi Cap Fund,SIP
INV0014,2019,2019-10-27,3000,UTI Flexi Cap Fund,Lumpsum
INV0014,2019,2019-11-25,3000,UTI Flexi Cap Fund,SIP
INV0014,2019,2019-12-30,3000,UTI Flexi Cap Fund,SIP
INV0014,2019,2020-01-23,3000,UTI Flexi Cap Fund,Lumpsum
INV0014,2019,2020-02-23,3000,UTI Flexi Cap Fund,SIP
INV0014,2019,2020-03-27,3000,UTI Flexi Cap Fund,SIP
INV0014,2019,2020-04-26,3000,UTI Flexi Cap Fund,Lumpsum
INV0015,2019,2019-01-02,10000,Tata Large Cap Fund,SIP
INV0015,2019,2019-02-03,10000,Tata Large Cap Fund,SIP
INV0015,2019,2019-02-25,10000,Tata Large Cap Fund,SIP
INV0015,2019,2019-03-30,10000,Tata Large Cap Fund,Lumpsum
INV0015,2019,2019-05-01,10000,Tata Large Cap Fund,SIP
INV0015,2019,2019-05-28,10000,Tata Large Cap Fund,SIP
INV0015,2019,2019-07-03,10000,Tata Large Cap Fund,Lumpsum
INV0015,2019,2019-08-02,10000,Tata Large Cap Fund,SIP
INV0015,2019,2019-08-27,10000,Tata Large Cap Fund,SIP
INV0015,2019,2019-09-27,10000,Tata Large Cap Fund,SIP
INV0015,2019,2019-10-31,10000,Tata Large Cap Fund,SIP
INV0015,2019,2019-11-26,10000,Tata Large Cap Fund,SIP
INV0015,2019,2019-12-28,10000,Tata Large Cap Fund,SIP
INV0015,2019,2020-01-27,10000,Tata Large Cap Fund,SIP
INV0015,2019,2020-02-29,10000,Tata Large Cap Fund,Lumpsum
INV0015,2019,2020-03-30,10000,Tata Large Cap Fund,SIP
INV0015,2019,2020-04-26,10000,Tata Large Cap Fund,SIP
INV0015,2019,2020-05-21,10000,Tata Large Cap Fund,Lumpsum
INV0015,2019,2020-06-27,10000,Tata Large Cap Fund,SIP
INV0015,2019,2020-07-19,10000,Tata Large Cap Fund,SIP
INV0015,2019,2020-08-24,10000,Tata Large Cap Fund,SIP
INV0015,2019,2020-09-24,10000,Tata Large Cap Fund,SIP
INV0016,2019,2018-12-31,2000,SBI Small Cap Fund,SIP
INV0016,2019,2019-01-31,2000,SBI Small Cap Fund,Lumpsum
INV0016,2019,2019-02-25,2000,SBI Small Cap Fund,Lumpsum
INV0016,2019,2019-03-27,2000,SBI Small Cap Fund,Lumpsum
INV0016,2019,2019-05-04,2000,SBI Small Cap Fund,SIP
INV0016,2019,2019-05-29,2000,SBI Small Cap Fund,SIP
INV0016,2019,2019-06-27,2000,SBI Small Cap Fund,SIP
INV0017,2019,2018-12-29,3000,DSP Top 100 Equity Fund,SIP
INV0017,2019,2019-01-27,3000,DSP Top 100 Equity Fund,SIP
INV0017,2019,2019-03-06,3000,DSP Top 100 Equity Fund,SIP
INV0017,2019,2019-04-03,3000,DSP Top 100 Equity Fund,SIP
INV0017,2019,2019-05-04,3000,DSP Top 100 Equity Fund,SIP
INV0017,2019,2019-05-28,3000,DSP Top 100 Equity Fund,SIP
INV0017,2019,2019-07-03,3000,DSP Top 100 Equity Fund,SIP
INV0017,2019,2019-07-25,3000,DSP Top 100 Equity Fund,SIP
INV0017,2019,2019-08-24,3000,DSP Top 100 Equity Fund,SIP
INV0017,2019,2019-09-28,3000,DSP Top 100 Equity Fund,Lumpsum
INV0017,2019,2019-10-27,3000,DSP Top 100 Equity Fund,SIP
INV0017,2019,2019-11-26,3000,DSP Top 100 Equity Fund,Lumpsum
INV0018,2019,2018-12-29,10000,Parag Parikh Flexi Cap,Lumpsum
INV0018,2019,2019-01-27,10000,Parag Parikh Flexi Cap,SIP
INV0018,2019,2019-02-25,10000,Parag Parikh Flexi Cap,SIP
INV0018,2019,2019-03-27,10000,Parag Parikh Flexi Cap,SIP
INV0018,2019,2019-05-01,10000,Parag Parikh Flexi Cap,SIP
INV0018,2019,2019-06-01,10000,Parag Parikh Flexi Cap,SIP
INV0018,2019,2019-07-04,10000,Parag Parikh Flexi Cap,Lumpsum
INV0018,2019,2019-08-01,10000,Parag Parikh Flexi Cap,SIP
INV0019,2019,2019-01-05,5000,UTI Mastershare Fund,SIP
INV0019,2019,2019-01-27,5000,UTI Mastershare Fund,SIP
INV0019,2019,2019-03-01,5000,UTI Mastershare Fund,Lumpsum
INV0019,2019,2019-04-01,5000,UTI Mastershare Fund,SIP
INV0019,2019,2019-05-04,5000,UTI Mastershare Fund,SIP
INV0019,2019,2019-05-29,5000,UTI Mastershare Fund,SIP
INV0019,2019,2019-06-27,5000,UTI Mastershare Fund,Lumpsum
INV0019,2019,2019-07-26,5000,UTI Mastershare Fund,SIP
INV0019,2019,2019-08-28,5000,UTI Mastershare Fund,SIP
INV0020,2019,2018-12-31,2000,DSP Top 100 Equity Fund,SIP
INV0020,2019,2019-01-26,2000,DSP Top 100 Equity Fund,SIP
INV0020,2019,2019-02-26,2000,DSP Top 100 Equity Fund,Lumpsum
INV0020,2019,2019-03-27,2000,DSP Top 100 Equity Fund,SIP
INV0020,2019,2019-05-05,2000,DSP Top 100 Equity Fund,SIP
INV0020,2019,2019-05-31,2000,DSP Top 100 Equity Fund,Lumpsum
INV0020,2019,2019-06-25,2000,DSP Top 100 Equity Fund,Lumpsum
INV0020,2019,2019-07-26,2000,DSP Top 100 Equity Fund,SIP
INV0020,2019,2019-08-24,2000,DSP Top 100 Equity Fund,SIP
INV0020,2019,2019-09-29,2000,DSP Top 100 Equity Fund,Lumpsum
INV0020,2019,2019-10-23,2000,DSP Top 100 Equity Fund,SIP
INV0020,2019,2019-11-26,2000,DSP Top 100 Equity Fund,Lumpsum
INV0020,2019,2019-12-26,2000,DSP Top 100 Equity Fund,SIP
INV0020,2019,2020-01-25,2000,DSP Top 100 Equity Fund,Lumpsum
INV0020,2019,2020-02-29,2000,DSP Top 100 Equity Fund,SIP
INV0020,2019,2020-03-25,2000,DSP Top 100 Equity Fund,SIP
INV0020,2019,2020-04-20,2000,DSP Top 100 Equity Fund,Lumpsum
INV0020,2019,2020-05-23,2000,DSP Top 100 Equity Fund,SIP
INV0020,2019,2020-06-19,2000,DSP Top 100 Equity Fund,SIP
INV0020,2019,2020-07-20,2000,DSP Top 100 Equity Fund,SIP
INV0020,2019,2020-08-25,2000,DSP Top 100 Equity Fund,SIP
INV0020,2019,2020-09-26,2000,DSP Top 100 Equity Fund,SIP
INV0020,2019,2020-10-22,2000,DSP Top 100 Equity Fund,Lumpsum
INV0021,2020,2020-01-01,2000,Tata Large Cap Fund,Lumpsum
INV0021,2020,2020-02-03,2000,Tata Large Cap Fund,SIP
INV0021,2020,2020-03-02,2000,Tata Large Cap Fund,SIP
INV0021,2020,2020-03-30,2000,Tata Large Cap Fund,SIP
INV0021,2020,2020-04-27,2000,Tata Large Cap Fund,Lumpsum
INV0021,2020,2020-05-26,2000,Tata Large Cap Fund,SIP
INV0022,2020,2019-12-29,2000,ICICI Pru Midcap Fund,Lumpsum
INV0022,2020,2020-01-29,2000,ICICI Pru Midcap Fund,SIP
INV0022,2020,2020-02-25,2000,ICICI Pru Midcap Fund,SIP
INV0022,2020,2020-04-01,2000,ICICI Pru Midcap Fund,SIP
INV0022,2020,2020-04-25,2000,ICICI Pru Midcap Fund,Lumpsum
INV0022,2020,2020-05-28,2000,ICICI Pru Midcap Fund,SIP
INV0022,2020,2020-06-24,2000,ICICI Pru Midcap Fund,SIP
INV0022,2020,2020-07-27,2000,ICICI Pru Midcap Fund,SIP
INV0022,2020,2020-08-24,2000,ICICI Pru Midcap Fund,SIP
INV0022,2020,2020-09-23,2000,ICICI Pru Midcap Fund,SIP
INV0022,2020,2020-10-24,2000,ICICI Pru Midcap Fund,SIP
INV0022,2020,2020-11-27,2000,ICICI Pru Midcap Fund,SIP
INV0022,2020,2020-12-26,2000,ICICI Pru Midcap Fund,SIP
INV0022,2020,2021-01-23,2000,ICICI Pru Midcap Fund,SIP
INV0022,2020,2021-02-26,2000,ICICI Pru Midcap Fund,SIP
INV0022,2020,2021-03-23,2000,ICICI Pru Midcap Fund,SIP
INV0022,2020,2021-04-21,2000,ICICI Pru Midcap Fund,SIP
INV0022,2020,2021-05-22,2000,ICICI Pru Midcap Fund,SIP
INV0022,2020,2021-06-23,2000,ICICI Pru Midcap Fund,SIP
INV0022,2020,2021-07-28,2000,ICICI Pru Midcap Fund,SIP
INV0023,2020,2019-12-31,10000,Kotak Bluechip Fund,SIP
INV0023,2020,2020-02-04,10000,Kotak Bluechip Fund,Lumpsum
INV0023,2020,2020-02-25,10000,Kotak Bluechip Fund,SIP
INV0023,2020,2020-04-03,10000,Kotak Bluechip Fund,SIP
INV0023,2020,2020-05-03,10000,Kotak Bluechip Fund,SIP
INV0023,2020,2020-06-01,10000,Kotak Bluechip Fund,Lumpsum
INV0024,2020,2019-12-27,10000,SBI Magnum Midcap Fund,SIP
INV0024,2020,2020-01-28,10000,SBI Magnum Midcap Fund,SIP
INV0024,2020,2020-03-03,10000,SBI Magnum Midcap Fund,SIP
INV0024,2020,2020-04-04,10000,SBI Magnum Midcap Fund,SIP
INV0024,2020,2020-05-02,10000,SBI Magnum Midcap Fund,SIP
INV0024,2020,2020-06-03,10000,SBI Magnum Midcap Fund,SIP
INV0024,2020,2020-07-01,10000,SBI Magnum Midcap Fund,SIP
INV0024,2020,2020-07-26,10000,SBI Magnum Midcap Fund,Lumpsum
INV0024,2020,2020-08-24,10000,SBI Magnum Midcap Fund,SIP
INV0025,2020,2020-01-05,3000,IDFC Large Cap Fund,SIP
INV0025,2020,2020-01-26,3000,IDFC Large Cap Fund,SIP
INV0025,2020,2020-03-05,3000,IDFC Large Cap Fund,SIP
INV0025,2020,2020-04-03,3000,IDFC Large Cap Fund,Lumpsum
INV0025,2020,2020-04-28,3000,IDFC Large Cap Fund,SIP
INV0025,2020,2020-06-03,3000,IDFC Large Cap Fund,SIP
INV0025,2020,2020-06-25,3000,IDFC Large Cap Fund,SIP
INV0025,2020,2020-07-29,3000,IDFC Large Cap Fund,SIP
INV0025,2020,2020-08-30,3000,IDFC Large Cap Fund,SIP
INV0025,2020,2020-09-24,3000,IDFC Large Cap Fund,SIP
INV0026,2020,2020-01-03,10000,Kotak Bluechip Fund,SIP
INV0026,2020,2020-01-31,10000,Kotak Bluechip Fund,SIP
INV0026,2020,2020-02-25,10000,Kotak Bluechip Fund,SIP
INV0026,2020,2020-03-30,10000,Kotak Bluechip Fund,SIP
INV0026,2020,2020-05-01,10000,Kotak Bluechip Fund,SIP
INV0026,2020,2020-06-01,10000,Kotak Bluechip Fund,Lumpsum
INV0026,2020,2020-06-30,10000,Kotak Bluechip Fund,SIP
INV0027,2020,2019-12-28,10000,Parag Parikh Flexi Cap,SIP
INV0027,2020,2020-01-29,10000,Parag Parikh Flexi Cap,SIP
INV0027,2020,2020-03-01,10000,Parag Parikh Flexi Cap,SIP
INV0027,2020,2020-04-02,10000,Parag Parikh Flexi Cap,SIP
INV0027,2020,2020-05-03,10000,Parag Parikh Flexi Cap,SIP
INV0027,2020,2020-06-01,10000,Parag Parikh Flexi Cap,SIP
INV0027,2020,2020-06-28,10000,Parag Parikh Flexi Cap,SIP
INV0027,2020,2020-07-29,10000,Parag Parikh Flexi Cap,SIP
INV0027,2020,2020-08-26,10000,Parag Parikh Flexi Cap,SIP
INV0027,2020,2020-09-22,10000,Parag Parikh Flexi Cap,SIP
INV0027,2020,2020-10-22,10000,Parag Parikh Flexi Cap,SIP
INV0028,2020,2019-12-29,10000,Franklin India Bluechip,SIP
INV0028,2020,2020-01-27,10000,Franklin India Bluechip,SIP
INV0028,2020,2020-02-29,10000,Franklin India Bluechip,SIP
INV0028,2020,2020-03-27,10000,Franklin India Bluechip,SIP
INV0028,2020,2020-04-26,10000,Franklin India Bluechip,SIP
INV0028,2020,2020-05-29,10000,Franklin India Bluechip,SIP
INV0028,2020,2020-07-02,10000,Franklin India Bluechip,SIP
INV0028,2020,2020-07-31,10000,Franklin India Bluechip,SIP
INV0028,2020,2020-08-25,10000,Franklin India Bluechip,SIP
INV0029,2020,2019-12-28,1000,Mirae Asset Large Cap,SIP
INV0029,2020,2020-02-02,1000,Mirae Asset Large Cap,Lumpsum
INV0029,2020,2020-02-26,1000,Mirae Asset Large Cap,SIP
INV0029,2020,2020-03-28,1000,Mirae Asset Large Cap,Lumpsum
INV0029,2020,2020-04-30,1000,Mirae Asset Large Cap,SIP
INV0029,2020,2020-06-01,1000,Mirae Asset Large Cap,Lumpsum
INV0029,2020,2020-06-28,1000,Mirae Asset Large Cap,SIP
INV0029,2020,2020-07-26,1000,Mirae Asset Large Cap,SIP
INV0029,2020,2020-08-27,1000,Mirae Asset Large Cap,SIP
INV0029,2020,2020-10-01,1000,Mirae Asset Large Cap,Lumpsum
INV0029,2020,2020-10-30,1000,Mirae Asset Large Cap,Lumpsum
INV0029,2020,2020-11-29,1000,Mirae Asset Large Cap,SIP
INV0029,2020,2020-12-28,1000,Mirae Asset Large Cap,SIP
INV0029,2020,2021-01-22,1000,Mirae Asset Large Cap,SIP
INV0029,2020,2021-02-19,1000,Mirae Asset Large Cap,SIP
INV0029,2020,2021-03-21,1000,Mirae Asset Large Cap,SIP
INV0029,2020,2021-04-20,1000,Mirae Asset Large Cap,SIP
INV0030,2020,2020-01-03,2000,Invesco India Largecap,SIP
INV0030,2020,2020-01-28,2000,Invesco India Largecap,SIP
INV0030,2020,2020-02-27,2000,Invesco India Largecap,SIP
INV0030,2020,2020-04-02,2000,Invesco India Largecap,SIP
INV0030,2020,2020-04-28,2000,Invesco India Largecap,SIP
INV0030,2020,2020-05-25,2000,Invesco India Largecap,SIP
INV0030,2020,2020-06-30,2000,Invesco India Largecap,SIP
INV0030,2020,2020-07-29,2000,Invesco India Largecap,SIP
INV0030,2020,2020-08-27,2000,Invesco India Largecap,SIP
INV0030,2020,2020-09-22,2000,Invesco India Largecap,SIP
INV0030,2020,2020-10-27,2000,Invesco India Largecap,SIP
INV0030,2020,2020-11-25,2000,Invesco India Largecap,Lumpsum
INV0030,2020,2020-12-21,2000,Invesco India Largecap,SIP
INV0031,2020,2019-12-30,10000,Kotak Small Cap Fund,SIP
INV0031,2020,2020-01-29,10000,Kotak Small Cap Fund,SIP
INV0031,2020,2020-03-03,10000,Kotak Small Cap Fund,SIP
INV0031,2020,2020-03-29,10000,Kotak Small Cap Fund,SIP
INV0031,2020,2020-04-26,10000,Kotak Small Cap Fund,SIP
INV0031,2020,2020-05-27,10000,Kotak Small Cap Fund,SIP
INV0031,2020,2020-06-27,10000,Kotak Small Cap Fund,SIP
INV0031,2020,2020-07-28,10000,Kotak Small Cap Fund,Lumpsum
INV0031,2020,2020-09-01,10000,Kotak Small Cap Fund,SIP
INV0031,2020,2020-09-27,10000,Kotak Small Cap Fund,SIP
INV0031,2020,2020-10-31,10000,Kotak Small Cap Fund,Lumpsum
INV0031,2020,2020-11-30,10000,Kotak Small Cap Fund,SIP
INV0031,2020,2020-12-22,10000,Kotak Small Cap Fund,SIP
INV0031,2020,2021-01-27,10000,Kotak Small Cap Fund,Lumpsum
INV0031,2020,2021-02-22,10000,Kotak Small Cap Fund,Lumpsum
INV0031,2020,2021-03-25,10000,Kotak Small Cap Fund,Lumpsum
INV0031,2020,2021-04-27,10000,Kotak Small Cap Fund,SIP
INV0031,2020,2021-05-20,10000,Kotak Small Cap Fund,SIP
INV0031,2020,2021-06-28,10000,Kotak Small Cap Fund,SIP
INV0031,2020,2021-07-21,10000,Kotak Small Cap Fund,SIP
INV0032,2020,2020-01-02,1000,Nippon India Growth Fund,SIP
INV0032,2020,2020-01-30,1000,Nippon India Growth Fund,Lumpsum
INV0032,2020,2020-02-28,1000,Nippon India Growth Fund,SIP
INV0032,2020,2020-04-03,1000,Nippon India Growth Fund,SIP
INV0032,2020,2020-04-30,1000,Nippon India Growth Fund,SIP
INV0032,2020,2020-06-01,1000,Nippon India Growth Fund,SIP
INV0032,2020,2020-07-02,1000,Nippon India Growth Fund,SIP
INV0032,2020,2020-08-02,1000,Nippon India Growth Fund,Lumpsum
INV0032,2020,2020-08-27,1000,Nippon India Growth Fund,SIP
INV0032,2020,2020-09-24,1000,Nippon India Growth Fund,SIP
INV0032,2020,2020-10-30,1000,Nippon India Growth Fund,Lumpsum
INV0032,2020,2020-11-26,1000,Nippon India Growth Fund,SIP
INV0032,2020,2020-12-22,1000,Nippon India Growth Fund,SIP
INV0032,2020,2021-01-20,1000,Nippon India Growth Fund,SIP
INV0032,2020,2021-02-21,1000,Nippon India Growth Fund,SIP
INV0032,2020,2021-03-29,1000,Nippon India Growth Fund,SIP
INV0033,2020,2019-12-27,10000,DSP Midcap Fund,SIP
INV0033,2020,2020-01-31,10000,DSP Midcap Fund,SIP
INV0033,2020,2020-02-26,10000,DSP Midcap Fund,SIP
INV0033,2020,2020-04-01,10000,DSP Midcap Fund,Lumpsum
INV0033,2020,2020-05-03,10000,DSP Midcap Fund,SIP
INV0033,2020,2020-05-30,10000,DSP Midcap Fund,Lumpsum
INV0034,2020,2020-01-02,10000,Mirae Asset Flexi Cap Fund,SIP
INV0034,2020,2020-02-01,10000,Mirae Asset Flexi Cap Fund,SIP
INV0034,2020,2020-03-03,10000,Mirae Asset Flexi Cap Fund,Lumpsum
INV0034,2020,2020-03-26,10000,Mirae Asset Flexi Cap Fund,SIP
INV0034,2020,2020-05-02,10000,Mirae Asset Flexi Cap Fund,SIP
INV0034,2020,2020-05-25,10000,Mirae Asset Flexi Cap Fund,SIP
INV0034,2020,2020-06-25,10000,Mirae Asset Flexi Cap Fund,SIP
INV0034,2020,2020-07-24,10000,Mirae Asset Flexi Cap Fund,SIP
INV0034,2020,2020-08-28,10000,Mirae Asset Flexi Cap Fund,SIP
INV0034,2020,2020-09-25,10000,Mirae Asset Flexi Cap Fund,SIP
INV0034,2020,2020-10-28,10000,Mirae Asset Flexi Cap Fund,Lumpsum
INV0034,2020,2020-11-30,10000,Mirae Asset Flexi Cap Fund,SIP
INV0034,2020,2020-12-22,10000,Mirae Asset Flexi Cap Fund,SIP
INV0034,2020,2021-01-26,10000,Mirae Asset Flexi Cap Fund,Lumpsum
INV0034,2020,2021-02-20,10000,Mirae Asset Flexi Cap Fund,Lumpsum
INV0034,2020,2021-03-28,10000,Mirae Asset Flexi Cap Fund,SIP
INV0034,2020,2021-04-26,10000,Mirae Asset Flexi Cap Fund,SIP
INV0034,2020,2021-05-26,10000,Mirae Asset Flexi Cap Fund,SIP
INV0034,2020,2021-06-26,10000,Mirae Asset Flexi Cap Fund,SIP
INV0034,2020,2021-07-23,10000,Mirae Asset Flexi Cap Fund,SIP
INV0034,2020,2021-08-18,10000,Mirae Asset Flexi Cap Fund,SIP
INV0034,2020,2021-09-24,10000,Mirae Asset Flexi Cap Fund,SIP
INV0035,2020,2019-12-30,3000,HDFC Mid-Cap Opportunities,SIP
INV0035,2020,2020-01-30,3000,HDFC Mid-Cap Opportunities,SIP
INV0035,2020,2020-03-02,3000,HDFC Mid-Cap Opportunities,Lumpsum
INV0035,2020,2020-04-01,3000,HDFC Mid-Cap Opportunities,SIP
INV0035,2020,2020-04-25,3000,HDFC Mid-Cap Opportunities,SIP
INV0035,2020,2020-05-27,3000,HDFC Mid-Cap Opportunities,SIP
INV0035,2020,2020-06-26,3000,HDFC Mid-Cap Opportunities,SIP
INV0035,2020,2020-07-25,3000,HDFC Mid-Cap Opportunities,Lumpsum
INV0035,2020,2020-08-27,3000,HDFC Mid-Cap Opportunities,SIP
INV0036,2020,2020-01-02,2000,SBI Bluechip Fund,SIP
INV0036,2020,2020-01-29,2000,SBI Bluechip Fund,SIP
INV0036,2020,2020-03-01,2000,SBI Bluechip Fund,SIP
INV0036,2020,2020-04-03,2000,SBI Bluechip Fund,SIP
INV0036,2020,2020-04-27,2000,SBI Bluechip Fund,Lumpsum
INV0036,2020,2020-05-30,2000,SBI Bluechip Fund,SIP
INV0036,2020,2020-06-24,2000,SBI Bluechip Fund,Lumpsum
INV0036,2020,2020-07-31,2000,SBI Bluechip Fund,Lumpsum
INV0037,2020,2020-01-04,1000,SBI Magnum Midcap Fund,SIP
INV0037,2020,2020-02-03,1000,SBI Magnum Midcap Fund,SIP
INV0037,2020,2020-03-01,1000,SBI Magnum Midcap Fund,SIP
INV0037,2020,2020-03-29,1000,SBI Magnum Midcap Fund,SIP
INV0037,2020,2020-04-26,1000,SBI Magnum Midcap Fund,SIP
INV0037,2020,2020-05-30,1000,SBI Magnum Midcap Fund,Lumpsum
INV0037,2020,2020-06-28,1000,SBI Magnum Midcap Fund,Lumpsum
INV0037,2020,2020-08-01,1000,SBI Magnum Midcap Fund,SIP
INV0037,2020,2020-08-23,1000,SBI Magnum Midcap Fund,SIP
INV0037,2020,2020-09-27,1000,SBI Magnum Midcap Fund,Lumpsum
INV0037,2020,2020-10-28,1000,SBI Magnum Midcap Fund,SIP
INV0037,2020,2020-11-26,1000,SBI Magnum Midcap Fund,SIP
INV0037,2020,2020-12-29,1000,SBI Magnum Midcap Fund,SIP
INV0037,2020,2021-01-27,1000,SBI Magnum Midcap Fund,SIP
INV0037,2020,2021-02-27,1000,SBI Magnum Midcap Fund,SIP
INV0037,2020,2021-03-30,1000,SBI Magnum Midcap Fund,Lumpsum
INV0037,2020,2021-04-29,1000,SBI Magnum Midcap Fund,SIP
INV0037,2020,2021-05-29,1000,SBI Magnum Midcap Fund,SIP
INV0037,2020,2021-06-20,1000,SBI Magnum Midcap Fund,SIP
INV0038,2020,2019-12-29,3000,HDFC Top 100 Fund,SIP
INV0038,2020,2020-01-30,3000,HDFC Top 100 Fund,Lumpsum
INV0038,2020,2020-02-28,3000,HDFC Top 100 Fund,SIP
INV0038,2020,2020-04-01,3000,HDFC Top 100 Fund,SIP
INV0038,2020,2020-04-30,3000,HDFC Top 100 Fund,SIP
INV0038,2020,2020-06-01,3000,HDFC Top 100 Fund,Lumpsum
INV0038,2020,2020-06-28,3000,HDFC Top 100 Fund,SIP
INV0038,2020,2020-08-02,3000,HDFC Top 100 Fund,SIP
INV0038,2020,2020-08-26,3000,HDFC Top 100 Fund,SIP
INV0039,2020,2019-12-28,5000,SBI Magnum Midcap Fund,SIP
INV0039,2020,2020-01-27,5000,SBI Magnum Midcap Fund,SIP
INV0039,2020,2020-03-04,5000,SBI Magnum Midcap Fund,SIP
INV0039,2020,2020-03-26,5000,SBI Magnum Midcap Fund,SIP
INV0039,2020,2020-05-02,5000,SBI Magnum Midcap Fund,SIP
INV0039,2020,2020-05-31,5000,SBI Magnum Midcap Fund,SIP
INV0039,2020,2020-06-25,5000,SBI Magnum Midcap Fund,SIP
INV0039,2020,2020-07-26,5000,SBI Magnum Midcap Fund,SIP
INV0039,2020,2020-08-24,5000,SBI Magnum Midcap Fund,SIP
INV0039,2020,2020-09-26,5000,SBI Magnum Midcap Fund,SIP
INV0039,2020,2020-10-22,5000,SBI Magnum Midcap Fund,SIP
INV0039,2020,2020-11-30,5000,SBI Magnum Midcap Fund,SIP
INV0039,2020,2020-12-21,5000,SBI Magnum Midcap Fund,SIP
INV0039,2020,2021-01-27,5000,SBI Magnum Midcap Fund,SIP
INV0039,2020,2021-02-23,5000,SBI Magnum Midcap Fund,SIP
INV0039,2020,2021-03-25,5000,SBI Magnum Midcap Fund,SIP
INV0039,2020,2021-04-25,5000,SBI Magnum Midcap Fund,Lumpsum
INV0039,2020,2021-05-21,5000,SBI Magnum Midcap Fund,SIP
INV0040,2020,2020-01-05,3000,HDFC Small Cap Fund,SIP
INV0040,2020,2020-02-04,3000,HDFC Small Cap Fund,SIP
INV0040,2020,2020-02-25,3000,HDFC Small Cap Fund,SIP
INV0040,2020,2020-03-30,3000,HDFC Small Cap Fund,SIP
INV0040,2020,2020-05-01,3000,HDFC Small Cap Fund,SIP
INV0040,2020,2020-05-29,3000,HDFC Small Cap Fund,SIP
INV0040,2020,2020-06-26,3000,HDFC Small Cap Fund,Lumpsum
INV0040,2020,2020-07-25,3000,HDFC Small Cap Fund,SIP
INV0040,2020,2020-08-24,3000,HDFC Small Cap Fund,SIP
INV0040,2020,2020-09-25,3000,HDFC Small Cap Fund,Lumpsum
INV0040,2020,2020-10-23,3000,HDFC Small Cap Fund,SIP
INV0040,2020,2020-11-27,3000,HDFC Small Cap Fund,SIP
INV0040,2020,2020-12-28,3000,HDFC Small Cap Fund,SIP
INV0040,2020,2021-01-21,3000,HDFC Small Cap Fund,Lumpsum
INV0041,2021,2021-01-02,3000,Mirae Asset Flexi Cap Fund,SIP
INV0041,2021,2021-01-26,3000,Mirae Asset Flexi Cap Fund,SIP
INV0041,2021,2021-03-02,3000,Mirae Asset Flexi Cap Fund,SIP
INV0041,2021,2021-03-28,3000,Mirae Asset Flexi Cap Fund,SIP
INV0041,2021,2021-05-05,3000,Mirae Asset Flexi Cap Fund,Lumpsum
INV0041,2021,2021-05-27,3000,Mirae Asset Flexi Cap Fund,SIP
INV0041,2021,2021-07-04,3000,Mirae Asset Flexi Cap Fund,Lumpsum
INV0041,2021,2021-07-31,3000,Mirae Asset Flexi Cap Fund,SIP
INV0041,2021,2021-08-25,3000,Mirae Asset Flexi Cap Fund,Lumpsum
INV0041,2021,2021-09-25,3000,Mirae Asset Flexi Cap Fund,SIP
INV0041,2021,2021-10-26,3000,Mirae Asset Flexi Cap Fund,SIP
INV0041,2021,2021-11-22,3000,Mirae Asset Flexi Cap Fund,SIP
INV0041,2021,2021-12-26,3000,Mirae Asset Flexi Cap Fund,SIP
INV0041,2021,2022-01-28,3000,Mirae Asset Flexi Cap Fund,SIP
INV0041,2021,2022-02-28,3000,Mirae Asset Flexi Cap Fund,SIP
INV0041,2021,2022-03-30,3000,Mirae Asset Flexi Cap Fund,SIP
INV0041,2021,2022-04-24,3000,Mirae Asset Flexi Cap Fund,SIP
INV0042,2021,2021-01-03,1000,ICICI Pru Focused Equity,SIP
INV0042,2021,2021-01-29,1000,ICICI Pru Focused Equity,SIP
INV0042,2021,2021-03-01,1000,ICICI Pru Focused Equity,SIP
INV0042,2021,2021-03-27,1000,ICICI Pru Focused Equity,Lumpsum
INV0042,2021,2021-05-04,1000,ICICI Pru Focused Equity,SIP
INV0042,2021,2021-06-03,1000,ICICI Pru Focused Equity,SIP
INV0042,2021,2021-07-04,1000,ICICI Pru Focused Equity,SIP
INV0042,2021,2021-07-29,1000,ICICI Pru Focused Equity,SIP
INV0042,2021,2021-08-29,1000,ICICI Pru Focused Equity,Lumpsum
INV0042,2021,2021-09-30,1000,ICICI Pru Focused Equity,SIP
INV0042,2021,2021-10-24,1000,ICICI Pru Focused Equity,SIP
INV0042,2021,2021-11-25,1000,ICICI Pru Focused Equity,SIP
INV0042,2021,2021-12-29,1000,ICICI Pru Focused Equity,Lumpsum
INV0042,2021,2022-01-26,1000,ICICI Pru Focused Equity,SIP
INV0042,2021,2022-03-01,1000,ICICI Pru Focused Equity,SIP
INV0042,2021,2022-03-30,1000,ICICI Pru Focused Equity,SIP
INV0042,2021,2022-04-21,1000,ICICI Pru Focused Equity,Lumpsum
INV0042,2021,2022-05-28,1000,ICICI Pru Focused Equity,SIP
INV0043,2021,2021-01-04,10000,UTI Mid Cap Fund,Lumpsum
INV0043,2021,2021-02-04,10000,UTI Mid Cap Fund,SIP
INV0043,2021,2021-03-06,10000,UTI Mid Cap Fund,SIP
INV0043,2021,2021-03-28,10000,UTI Mid Cap Fund,SIP
INV0043,2021,2021-05-03,10000,UTI Mid Cap Fund,Lumpsum
INV0043,2021,2021-05-28,10000,UTI Mid Cap Fund,SIP
INV0043,2021,2021-07-02,10000,UTI Mid Cap Fund,SIP
INV0043,2021,2021-08-02,10000,UTI Mid Cap Fund,SIP
INV0043,2021,2021-08-28,10000,UTI Mid Cap Fund,SIP
INV0043,2021,2021-10-01,10000,UTI Mid Cap Fund,SIP
INV0043,2021,2021-10-31,10000,UTI Mid Cap Fund,SIP
INV0043,2021,2021-11-23,10000,UTI Mid Cap Fund,Lumpsum
INV0043,2021,2021-12-30,10000,UTI Mid Cap Fund,SIP
INV0043,2021,2022-01-29,10000,UTI Mid Cap Fund,SIP
INV0043,2021,2022-02-21,10000,UTI Mid Cap Fund,SIP
INV0043,2021,2022-03-27,10000,UTI Mid Cap Fund,SIP
INV0043,2021,2022-04-25,10000,UTI Mid Cap Fund,SIP
INV0043,2021,2022-05-22,10000,UTI Mid Cap Fund,SIP
INV0043,2021,2022-06-24,10000,UTI Mid Cap Fund,Lumpsum
INV0043,2021,2022-07-21,10000,UTI Mid Cap Fund,SIP
INV0043,2021,2022-08-21,10000,UTI Mid Cap Fund,Lumpsum
INV0043,2021,2022-09-25,10000,UTI Mid Cap Fund,SIP
INV0044,2021,2020-12-27,3000,Aditya Birla SL Frontline,Lumpsum
INV0044,2021,2021-01-28,3000,Aditya Birla SL Frontline,Lumpsum
INV0044,2021,2021-02-25,3000,Aditya Birla SL Frontline,SIP
INV0044,2021,2021-04-04,3000,Aditya Birla SL Frontline,SIP
INV0044,2021,2021-05-04,3000,Aditya Birla SL Frontline,Lumpsum
INV0044,2021,2021-05-29,3000,Aditya Birla SL Frontline,SIP
INV0044,2021,2021-06-30,3000,Aditya Birla SL Frontline,SIP
INV0044,2021,2021-07-29,3000,Aditya Birla SL Frontline,Lumpsum
INV0044,2021,2021-09-02,3000,Aditya Birla SL Frontline,SIP
INV0044,2021,2021-09-29,3000,Aditya Birla SL Frontline,SIP
INV0044,2021,2021-10-27,3000,Aditya Birla SL Frontline,SIP
INV0044,2021,2021-11-23,3000,Aditya Birla SL Frontline,Lumpsum
INV0044,2021,2021-12-28,3000,Aditya Birla SL Frontline,SIP
INV0044,2021,2022-01-21,3000,Aditya Birla SL Frontline,SIP
INV0044,2021,2022-02-27,3000,Aditya Birla SL Frontline,SIP
INV0044,2021,2022-03-29,3000,Aditya Birla SL Frontline,Lumpsum
INV0044,2021,2022-04-26,3000,Aditya Birla SL Frontline,SIP
INV0044,2021,2022-05-27,3000,Aditya Birla SL Frontline,SIP
INV0045,2021,2020-12-31,2000,ICICI Pru Smallcap Fund,SIP
INV0045,2021,2021-01-29,2000,ICICI Pru Smallcap Fund,SIP
INV0045,2021,2021-02-28,2000,ICICI Pru Smallcap Fund,SIP
INV0045,2021,2021-03-27,2000,ICICI Pru Smallcap Fund,SIP
INV0045,2021,2021-04-26,2000,ICICI Pru Smallcap Fund,SIP
INV0045,2021,2021-05-26,2000,ICICI Pru Smallcap Fund,SIP
INV0045,2021,2021-07-02,2000,ICICI Pru Smallcap Fund,SIP
INV0045,2021,2021-07-26,2000,ICICI Pru Smallcap Fund,Lumpsum
INV0045,2021,2021-08-27,2000,ICICI Pru Smallcap Fund,SIP
INV0045,2021,2021-09-26,2000,ICICI Pru Smallcap Fund,SIP
INV0045,2021,2021-10-29,2000,ICICI Pru Smallcap Fund,SIP
INV0045,2021,2021-11-22,2000,ICICI Pru Smallcap Fund,SIP
INV0045,2021,2021-12-24,2000,ICICI Pru Smallcap Fund,SIP
INV0045,2021,2022-01-27,2000,ICICI Pru Smallcap Fund,SIP
INV0045,2021,2022-02-21,2000,ICICI Pru Smallcap Fund,Lumpsum
INV0045,2021,2022-03-22,2000,ICICI Pru Smallcap Fund,SIP
INV0045,2021,2022-04-29,2000,ICICI Pru Smallcap Fund,SIP
INV0045,2021,2022-05-27,2000,ICICI Pru Smallcap Fund,Lumpsum
INV0045,2021,2022-06-23,2000,ICICI Pru Smallcap Fund,Lumpsum
INV0045,2021,2022-07-23,2000,ICICI Pru Smallcap Fund,SIP
INV0046,2021,2021-01-03,3000,ICICI Pru Focused Equity,SIP
INV0046,2021,2021-01-30,3000,ICICI Pru Focused Equity,Lumpsum
INV0046,2021,2021-03-01,3000,ICICI Pru Focused Equity,SIP
INV0046,2021,2021-04-01,3000,ICICI Pru Focused Equity,SIP
INV0046,2021,2021-04-30,3000,ICICI Pru Focused Equity,Lumpsum
INV0046,2021,2021-05-26,3000,ICICI Pru Focused Equity,SIP
INV0046,2021,2021-06-30,3000,ICICI Pru Focused Equity,SIP
INV0046,2021,2021-07-27,3000,ICICI Pru Focused Equity,SIP
INV0046,2021,2021-09-01,3000,ICICI Pru Focused Equity,SIP
INV0046,2021,2021-09-24,3000,ICICI Pru Focused Equity,Lumpsum
INV0046,2021,2021-10-30,3000,ICICI Pru Focused Equity,SIP
INV0046,2021,2021-11-30,3000,ICICI Pru Focused Equity,Lumpsum
INV0046,2021,2021-12-26,3000,ICICI Pru Focused Equity,SIP
INV0046,2021,2022-01-22,3000,ICICI Pru Focused Equity,SIP
INV0046,2021,2022-02-22,3000,ICICI Pru Focused Equity,SIP
INV0046,2021,2022-03-26,3000,ICICI Pru Focused Equity,Lumpsum
INV0046,2021,2022-04-30,3000,ICICI Pru Focused Equity,SIP
INV0046,2021,2022-05-29,3000,ICICI Pru Focused Equity,SIP
INV0046,2021,2022-06-26,3000,ICICI Pru Focused Equity,SIP
INV0046,2021,2022-07-23,3000,ICICI Pru Focused Equity,SIP
INV0046,2021,2022-08-24,3000,ICICI Pru Focused Equity,SIP
INV0046,2021,2022-09-23,3000,ICICI Pru Focused Equity,SIP
INV0047,2021,2020-12-27,10000,SBI Bluechip Fund,SIP
INV0047,2021,2021-01-27,10000,SBI Bluechip Fund,SIP
INV0047,2021,2021-02-26,10000,SBI Bluechip Fund,SIP
INV0047,2021,2021-04-01,10000,SBI Bluechip Fund,SIP
INV0047,2021,2021-05-04,10000,SBI Bluechip Fund,Lumpsum
INV0047,2021,2021-05-31,10000,SBI Bluechip Fund,Lumpsum
INV0047,2021,2021-06-30,10000,SBI Bluechip Fund,SIP
INV0047,2021,2021-08-02,10000,SBI Bluechip Fund,SIP
INV0047,2021,2021-09-01,10000,SBI Bluechip Fund,SIP
INV0047,2021,2021-09-28,10000,SBI Bluechip Fund,SIP
INV0047,2021,2021-10-26,10000,SBI Bluechip Fund,SIP
INV0047,2021,2021-11-29,10000,SBI Bluechip Fund,SIP
INV0047,2021,2021-12-22,10000,SBI Bluechip Fund,SIP
INV0048,2021,2020-12-30,1000,Aditya Birla SL Frontline,SIP
INV0048,2021,2021-02-01,1000,Aditya Birla SL Frontline,SIP
INV0048,2021,2021-03-03,1000,Aditya Birla SL Frontline,SIP
INV0048,2021,2021-04-05,1000,Aditya Birla SL Frontline,Lumpsum
INV0048,2021,2021-04-27,1000,Aditya Birla SL Frontline,SIP
INV0048,2021,2021-05-26,1000,Aditya Birla SL Frontline,Lumpsum
INV0049,2021,2021-01-04,10000,ICICI Pru Focused Equity,Lumpsum
INV0049,2021,2021-02-01,10000,ICICI Pru Focused Equity,SIP
INV0049,2021,2021-03-05,10000,ICICI Pru Focused Equity,SIP
INV0049,2021,2021-04-03,10000,ICICI Pru Focused Equity,Lumpsum
INV0049,2021,2021-04-29,10000,ICICI Pru Focused Equity,SIP
INV0049,2021,2021-06-01,10000,ICICI Pru Focused Equity,SIP
INV0049,2021,2021-06-28,10000,ICICI Pru Focused Equity,SIP
INV0049,2021,2021-07-30,10000,ICICI Pru Focused Equity,SIP
INV0049,2021,2021-08-26,10000,ICICI Pru Focused Equity,SIP
INV0049,2021,2021-10-02,10000,ICICI Pru Focused Equity,SIP
INV0049,2021,2021-10-24,10000,ICICI Pru Focused Equity,SIP
INV0050,2021,2020-12-29,5000,Aditya Birla SL Frontline,SIP
INV0050,2021,2021-02-01,5000,Aditya Birla SL Frontline,SIP
INV0050,2021,2021-03-04,5000,Aditya Birla SL Frontline,Lumpsum
INV0050,2021,2021-03-31,5000,Aditya Birla SL Frontline,SIP
INV0050,2021,2021-04-28,5000,Aditya Birla SL Frontline,SIP
INV0050,2021,2021-05-31,5000,Aditya Birla SL Frontline,SIP
INV0050,2021,2021-06-30,5000,Aditya Birla SL Frontline,SIP
INV0050,2021,2021-08-01,5000,Aditya Birla SL Frontline,Lumpsum
INV0050,2021,2021-08-26,5000,Aditya Birla SL Frontline,SIP
INV0050,2021,2021-09-25,5000,Aditya Birla SL Frontline,SIP
INV0050,2021,2021-10-28,5000,Aditya Birla SL Frontline,SIP
INV0050,2021,2021-11-22,5000,Aditya Birla SL Frontline,Lumpsum
INV0050,2021,2021-12-22,5000,Aditya Birla SL Frontline,Lumpsum
INV0050,2021,2022-01-30,5000,Aditya Birla SL Frontline,SIP
INV0050,2021,2022-02-23,5000,Aditya Birla SL Frontline,SIP
INV0050,2021,2022-03-25,5000,Aditya Birla SL Frontline,SIP
INV0050,2021,2022-04-22,5000,Aditya Birla SL Frontline,Lumpsum
INV0050,2021,2022-05-29,5000,Aditya Birla SL Frontline,SIP
INV0051,2021,2020-12-28,10000,HDFC Flexi Cap Fund,SIP
INV0051,2021,2021-01-29,10000,HDFC Flexi Cap Fund,SIP
INV0051,2021,2021-03-06,10000,HDFC Flexi Cap Fund,Lumpsum
INV0051,2021,2021-04-05,10000,HDFC Flexi Cap Fund,Lumpsum
INV0051,2021,2021-04-28,10000,HDFC Flexi Cap Fund,SIP
INV0051,2021,2021-06-02,10000,HDFC Flexi Cap Fund,Lumpsum
INV0051,2021,2021-06-25,10000,HDFC Flexi Cap Fund,SIP
INV0051,2021,2021-08-01,10000,HDFC Flexi Cap Fund,SIP
INV0051,2021,2021-08-30,10000,HDFC Flexi Cap Fund,SIP
INV0052,2021,2021-01-01,2000,UTI Flexi Cap Fund,SIP
INV0052,2021,2021-01-31,2000,UTI Flexi Cap Fund,Lumpsum
INV0052,2021,2021-03-04,2000,UTI Flexi Cap Fund,SIP
INV0052,2021,2021-03-30,2000,UTI Flexi Cap Fund,SIP
INV0052,2021,2021-05-01,2000,UTI Flexi Cap Fund,SIP
INV0052,2021,2021-06-03,2000,UTI Flexi Cap Fund,Lumpsum
INV0052,2021,2021-06-26,2000,UTI Flexi Cap Fund,Lumpsum
INV0052,2021,2021-07-29,2000,UTI Flexi Cap Fund,SIP
INV0052,2021,2021-08-31,2000,UTI Flexi Cap Fund,SIP
INV0052,2021,2021-09-26,2000,UTI Flexi Cap Fund,Lumpsum
INV0053,2021,2021-01-01,3000,DSP Top 100 Equity Fund,SIP
INV0053,2021,2021-02-04,3000,DSP Top 100 Equity Fund,SIP
INV0053,2021,2021-03-05,3000,DSP Top 100 Equity Fund,SIP
INV0053,2021,2021-03-30,3000,DSP Top 100 Equity Fund,SIP
INV0053,2021,2021-04-26,3000,DSP Top 100 Equity Fund,SIP
INV0053,2021,2021-05-31,3000,DSP Top 100 Equity Fund,SIP
INV0053,2021,2021-07-03,3000,DSP Top 100 Equity Fund,SIP
INV0053,2021,2021-07-29,3000,DSP Top 100 Equity Fund,SIP
INV0054,2021,2021-01-01,1000,ICICI Pru Smallcap Fund,SIP
INV0054,2021,2021-01-29,1000,ICICI Pru Smallcap Fund,SIP
INV0054,2021,2021-02-26,1000,ICICI Pru Smallcap Fund,SIP
INV0054,2021,2021-03-31,1000,ICICI Pru Smallcap Fund,Lumpsum
INV0054,2021,2021-04-26,1000,ICICI Pru Smallcap Fund,SIP
INV0054,2021,2021-05-31,1000,ICICI Pru Smallcap Fund,SIP
INV0054,2021,2021-06-29,1000,ICICI Pru Smallcap Fund,SIP
INV0054,2021,2021-07-27,1000,ICICI Pru Smallcap Fund,SIP
INV0054,2021,2021-09-02,1000,ICICI Pru Smallcap Fund,SIP
INV0054,2021,2021-09-24,1000,ICICI Pru Smallcap Fund,Lumpsum
INV0054,2021,2021-10-24,1000,ICICI Pru Smallcap Fund,SIP
INV0054,2021,2021-11-30,1000,ICICI Pru Smallcap Fund,SIP
INV0054,2021,2021-12-29,1000,ICICI Pru Smallcap Fund,SIP
INV0054,2021,2022-01-22,1000,ICICI Pru Smallcap Fund,SIP
INV0054,2021,2022-02-25,1000,ICICI Pru Smallcap Fund,SIP
INV0054,2021,2022-03-25,1000,ICICI Pru Smallcap Fund,SIP
INV0054,2021,2022-04-30,1000,ICICI Pru Smallcap Fund,SIP
INV0054,2021,2022-05-28,1000,ICICI Pru Smallcap Fund,Lumpsum
INV0054,2021,2022-06-20,1000,ICICI Pru Smallcap Fund,SIP
INV0054,2021,2022-07-25,1000,ICICI Pru Smallcap Fund,Lumpsum
INV0055,2021,2021-01-05,2000,HDFC Top 100 Fund,SIP
INV0055,2021,2021-01-27,2000,HDFC Top 100 Fund,SIP
INV0055,2021,2021-03-04,2000,HDFC Top 100 Fund,Lumpsum
INV0055,2021,2021-03-27,2000,HDFC Top 100 Fund,SIP
INV0055,2021,2021-05-03,2000,HDFC Top 100 Fund,SIP
INV0055,2021,2021-05-29,2000,HDFC Top 100 Fund,SIP
INV0055,2021,2021-06-27,2000,HDFC Top 100 Fund,Lumpsum
INV0055,2021,2021-07-29,2000,HDFC Top 100 Fund,SIP
INV0055,2021,2021-09-01,2000,HDFC Top 100 Fund,SIP
INV0055,2021,2021-09-24,2000,HDFC Top 100 Fund,Lumpsum
INV0055,2021,2021-10-28,2000,HDFC Top 100 Fund,SIP
INV0055,2021,2021-11-22,2000,HDFC Top 100 Fund,SIP
INV0055,2021,2021-12-30,2000,HDFC Top 100 Fund,SIP
INV0055,2021,2022-01-29,2000,HDFC Top 100 Fund,SIP
INV0055,2021,2022-02-21,2000,HDFC Top 100 Fund,SIP
INV0055,2021,2022-03-25,2000,HDFC Top 100 Fund,SIP
INV0056,2021,2021-01-04,2000,ICICI Pru Midcap Fund,SIP
INV0056,2021,2021-01-26,2000,ICICI Pru Midcap Fund,SIP
INV0056,2021,2021-03-02,2000,ICICI Pru Midcap Fund,SIP
INV0056,2021,2021-03-31,2000,ICICI Pru Midcap Fund,SIP
INV0056,2021,2021-05-05,2000,ICICI Pru Midcap Fund,SIP
INV0056,2021,2021-05-30,2000,ICICI Pru Midcap Fund,SIP
INV0056,2021,2021-07-03,2000,ICICI Pru Midcap Fund,SIP
INV0056,2021,2021-07-25,2000,ICICI Pru Midcap Fund,SIP
INV0056,2021,2021-08-29,2000,ICICI Pru Midcap Fund,SIP
INV0056,2021,2021-09-25,2000,ICICI Pru Midcap Fund,SIP
INV0056,2021,2021-11-01,2000,ICICI Pru Midcap Fund,SIP
INV0056,2021,2021-11-30,2000,ICICI Pru Midcap Fund,SIP
INV0056,2021,2021-12-31,2000,ICICI Pru Midcap Fund,Lumpsum
INV0056,2021,2022-01-22,2000,ICICI Pru Midcap Fund,SIP
INV0056,2021,2022-02-24,2000,ICICI Pru Midcap Fund,Lumpsum
INV0056,2021,2022-03-30,2000,ICICI Pru Midcap Fund,SIP
INV0056,2021,2022-04-22,2000,ICICI Pru Midcap Fund,SIP
INV0056,2021,2022-05-24,2000,ICICI Pru Midcap Fund,SIP
INV0057,2021,2021-01-02,2000,Kotak Emerging Equity,Lumpsum
INV0057,2021,2021-01-30,2000,Kotak Emerging Equity,Lumpsum
INV0057,2021,2021-03-05,2000,Kotak Emerging Equity,SIP
INV0057,2021,2021-03-29,2000,Kotak Emerging Equity,SIP
INV0057,2021,2021-04-30,2000,Kotak Emerging Equity,SIP
INV0057,2021,2021-05-28,2000,Kotak Emerging Equity,SIP
INV0057,2021,2021-06-28,2000,Kotak Emerging Equity,SIP
INV0057,2021,2021-07-28,2000,Kotak Emerging Equity,SIP
INV0057,2021,2021-08-26,2000,Kotak Emerging Equity,SIP
INV0057,2021,2021-10-02,2000,Kotak Emerging Equity,SIP
INV0057,2021,2021-10-24,2000,Kotak Emerging Equity,SIP
INV0057,2021,2021-11-25,2000,Kotak Emerging Equity,Lumpsum
INV0057,2021,2021-12-28,2000,Kotak Emerging Equity,SIP
INV0057,2021,2022-01-30,2000,Kotak Emerging Equity,SIP
INV0057,2021,2022-02-26,2000,Kotak Emerging Equity,SIP
INV0057,2021,2022-03-22,2000,Kotak Emerging Equity,SIP
INV0058,2021,2021-01-01,2000,Parag Parikh Flexi Cap,Lumpsum
INV0058,2021,2021-01-26,2000,Parag Parikh Flexi Cap,SIP
INV0058,2021,2021-03-06,2000,Parag Parikh Flexi Cap,SIP
INV0058,2021,2021-04-02,2000,Parag Parikh Flexi Cap,SIP
INV0058,2021,2021-04-30,2000,Parag Parikh Flexi Cap,Lumpsum
INV0058,2021,2021-06-03,2000,Parag Parikh Flexi Cap,SIP
INV0058,2021,2021-07-04,2000,Parag Parikh Flexi Cap,SIP
INV0058,2021,2021-08-02,2000,Parag Parikh Flexi Cap,Lumpsum
INV0058,2021,2021-08-31,2000,Parag Parikh Flexi Cap,SIP
INV0059,2021,2020-12-30,1000,HDFC Small Cap Fund,SIP
INV0059,2021,2021-01-28,1000,HDFC Small Cap Fund,Lumpsum
INV0059,2021,2021-03-03,1000,HDFC Small Cap Fund,SIP
INV0059,2021,2021-03-28,1000,HDFC Small Cap Fund,SIP
INV0059,2021,2021-05-05,1000,HDFC Small Cap Fund,SIP
INV0059,2021,2021-05-27,1000,HDFC Small Cap Fund,SIP
INV0059,2021,2021-06-25,1000,HDFC Small Cap Fund,SIP
INV0059,2021,2021-07-26,1000,HDFC Small Cap Fund,SIP
INV0059,2021,2021-08-28,1000,HDFC Small Cap Fund,SIP
INV0059,2021,2021-09-27,1000,HDFC Small Cap Fund,SIP
INV0060,2021,2021-01-05,5000,Nippon India Large Cap,SIP
INV0060,2021,2021-02-03,5000,Nippon India Large Cap,SIP
INV0060,2021,2021-02-26,5000,Nippon India Large Cap,SIP
INV0060,2021,2021-04-02,5000,Nippon India Large Cap,SIP
INV0060,2021,2021-04-28,5000,Nippon India Large Cap,SIP
INV0060,2021,2021-06-01,5000,Nippon India Large Cap,SIP
INV0060,2021,2021-07-01,5000,Nippon India Large Cap,SIP
INV0060,2021,2021-07-27,5000,Nippon India Large Cap,SIP
INV0060,2021,2021-08-29,5000,Nippon India Large Cap,SIP
INV0060,2021,2021-09-29,5000,Nippon India Large Cap,SIP
INV0060,2021,2021-10-26,5000,Nippon India Large Cap,SIP
INV0060,2021,2021-11-22,5000,Nippon India Large Cap,SIP
INV0060,2021,2021-12-30,5000,Nippon India Large Cap,SIP
INV0060,2021,2022-01-26,5000,Nippon India Large Cap,SIP
INV0060,2021,2022-02-23,5000,Nippon India Large Cap,SIP
INV0060,2021,2022-03-23,5000,Nippon India Large Cap,SIP
INV0061,2022,2022-01-01,5000,SBI Small Cap Fund,SIP
INV0061,2022,2022-01-28,5000,SBI Small Cap Fund,SIP
INV0061,2022,2022-03-06,5000,SBI Small Cap Fund,SIP
INV0061,2022,2022-04-01,5000,SBI Small Cap Fund,SIP
INV0061,2022,2022-04-27,5000,SBI Small Cap Fund,SIP
INV0061,2022,2022-05-28,5000,SBI Small Cap Fund,SIP
INV0061,2022,2022-06-28,5000,SBI Small Cap Fund,SIP
INV0061,2022,2022-08-03,5000,SBI Small Cap Fund,Lumpsum
INV0061,2022,2022-09-01,5000,SBI Small Cap Fund,SIP
INV0061,2022,2022-10-02,5000,SBI Small Cap Fund,SIP
INV0061,2022,2022-10-31,5000,SBI Small Cap Fund,Lumpsum
INV0061,2022,2022-11-22,5000,SBI Small Cap Fund,SIP
INV0061,2022,2022-12-29,5000,SBI Small Cap Fund,SIP
INV0062,2022,2022-01-01,10000,UTI Mid Cap Fund,Lumpsum
INV0062,2022,2022-02-02,10000,UTI Mid Cap Fund,SIP
INV0062,2022,2022-02-25,10000,UTI Mid Cap Fund,Lumpsum
INV0062,2022,2022-03-31,10000,UTI Mid Cap Fund,SIP
INV0062,2022,2022-05-01,10000,UTI Mid Cap Fund,SIP
INV0062,2022,2022-06-01,10000,UTI Mid Cap Fund,Lumpsum
INV0062,2022,2022-06-29,10000,UTI Mid Cap Fund,Lumpsum
INV0062,2022,2022-07-30,10000,UTI Mid Cap Fund,SIP
INV0062,2022,2022-08-27,10000,UTI Mid Cap Fund,SIP
INV0062,2022,2022-09-24,10000,UTI Mid Cap Fund,SIP
INV0062,2022,2022-10-31,10000,UTI Mid Cap Fund,SIP
INV0062,2022,2022-11-30,10000,UTI Mid Cap Fund,SIP
INV0062,2022,2022-12-24,10000,UTI Mid Cap Fund,SIP
INV0063,2022,2022-01-02,2000,Axis Bluechip Fund,SIP
INV0063,2022,2022-01-31,2000,Axis Bluechip Fund,SIP
INV0063,2022,2022-03-02,2000,Axis Bluechip Fund,SIP
INV0063,2022,2022-03-30,2000,Axis Bluechip Fund,SIP
INV0063,2022,2022-04-26,2000,Axis Bluechip Fund,SIP
INV0063,2022,2022-05-27,2000,Axis Bluechip Fund,SIP
INV0063,2022,2022-07-02,2000,Axis Bluechip Fund,SIP
INV0063,2022,2022-07-30,2000,Axis Bluechip Fund,SIP
INV0063,2022,2022-08-30,2000,Axis Bluechip Fund,SIP
INV0063,2022,2022-10-01,2000,Axis Bluechip Fund,SIP
INV0063,2022,2022-10-25,2000,Axis Bluechip Fund,SIP
INV0063,2022,2022-11-23,2000,Axis Bluechip Fund,SIP
INV0063,2022,2022-12-25,2000,Axis Bluechip Fund,SIP
INV0063,2022,2023-01-30,2000,Axis Bluechip Fund,Lumpsum
INV0063,2022,2023-02-28,2000,Axis Bluechip Fund,SIP
INV0063,2022,2023-03-22,2000,Axis Bluechip Fund,Lumpsum
INV0063,2022,2023-04-21,2000,Axis Bluechip Fund,SIP
INV0063,2022,2023-05-26,2000,Axis Bluechip Fund,Lumpsum
INV0063,2022,2023-06-23,2000,Axis Bluechip Fund,SIP
INV0063,2022,2023-07-28,2000,Axis Bluechip Fund,Lumpsum
INV0063,2022,2023-08-23,2000,Axis Bluechip Fund,SIP
INV0063,2022,2023-09-22,2000,Axis Bluechip Fund,SIP
INV0063,2022,2023-10-26,2000,Axis Bluechip Fund,SIP
INV0064,2022,2021-12-30,10000,Tata Large Cap Fund,SIP
INV0064,2022,2022-01-31,10000,Tata Large Cap Fund,SIP
INV0064,2022,2022-02-26,10000,Tata Large Cap Fund,SIP
INV0064,2022,2022-03-29,10000,Tata Large Cap Fund,SIP
INV0064,2022,2022-04-30,10000,Tata Large Cap Fund,SIP
INV0064,2022,2022-06-04,10000,Tata Large Cap Fund,SIP
INV0064,2022,2022-06-26,10000,Tata Large Cap Fund,SIP
INV0064,2022,2022-08-01,10000,Tata Large Cap Fund,SIP
INV0064,2022,2022-08-30,10000,Tata Large Cap Fund,SIP
INV0064,2022,2022-09-25,10000,Tata Large Cap Fund,SIP
INV0064,2022,2022-10-25,10000,Tata Large Cap Fund,SIP
INV0064,2022,2022-11-22,10000,Tata Large Cap Fund,SIP
INV0064,2022,2022-12-28,10000,Tata Large Cap Fund,SIP
INV0064,2022,2023-01-25,10000,Tata Large Cap Fund,SIP
INV0064,2022,2023-02-23,10000,Tata Large Cap Fund,SIP
INV0064,2022,2023-03-25,10000,Tata Large Cap Fund,SIP
INV0064,2022,2023-04-27,10000,Tata Large Cap Fund,SIP
INV0064,2022,2023-05-25,10000,Tata Large Cap Fund,Lumpsum
INV0065,2022,2022-01-01,10000,SBI Flexi Cap Fund,Lumpsum
INV0065,2022,2022-01-30,10000,SBI Flexi Cap Fund,SIP
INV0065,2022,2022-03-01,10000,SBI Flexi Cap Fund,SIP
INV0065,2022,2022-03-28,10000,SBI Flexi Cap Fund,SIP
INV0065,2022,2022-04-30,10000,SBI Flexi Cap Fund,SIP
INV0065,2022,2022-05-30,10000,SBI Flexi Cap Fund,SIP
INV0065,2022,2022-07-04,10000,SBI Flexi Cap Fund,SIP
INV0065,2022,2022-07-29,10000,SBI Flexi Cap Fund,SIP
INV0065,2022,2022-08-28,10000,SBI Flexi Cap Fund,Lumpsum
INV0065,2022,2022-09-27,10000,SBI Flexi Cap Fund,SIP
INV0065,2022,2022-10-27,10000,SBI Flexi Cap Fund,Lumpsum
INV0065,2022,2022-11-25,10000,SBI Flexi Cap Fund,SIP
INV0066,2022,2021-12-28,1000,Franklin India Bluechip,SIP
INV0066,2022,2022-01-27,1000,Franklin India Bluechip,SIP
INV0066,2022,2022-03-05,1000,Franklin India Bluechip,SIP
INV0066,2022,2022-04-01,1000,Franklin India Bluechip,SIP
INV0066,2022,2022-05-05,1000,Franklin India Bluechip,Lumpsum
INV0066,2022,2022-06-03,1000,Franklin India Bluechip,SIP
INV0066,2022,2022-07-02,1000,Franklin India Bluechip,SIP
INV0066,2022,2022-07-25,1000,Franklin India Bluechip,Lumpsum
INV0066,2022,2022-08-24,1000,Franklin India Bluechip,Lumpsum
INV0067,2022,2022-01-02,2000,Mirae Asset Flexi Cap Fund,SIP
INV0067,2022,2022-01-31,2000,Mirae Asset Flexi Cap Fund,SIP
INV0067,2022,2022-02-25,2000,Mirae Asset Flexi Cap Fund,SIP
INV0067,2022,2022-04-03,2000,Mirae Asset Flexi Cap Fund,Lumpsum
INV0067,2022,2022-04-30,2000,Mirae Asset Flexi Cap Fund,SIP
INV0067,2022,2022-05-26,2000,Mirae Asset Flexi Cap Fund,SIP
INV0067,2022,2022-07-02,2000,Mirae Asset Flexi Cap Fund,SIP
INV0067,2022,2022-08-02,2000,Mirae Asset Flexi Cap Fund,SIP
INV0067,2022,2022-08-24,2000,Mirae Asset Flexi Cap Fund,SIP
INV0067,2022,2022-09-30,2000,Mirae Asset Flexi Cap Fund,SIP
INV0067,2022,2022-10-23,2000,Mirae Asset Flexi Cap Fund,Lumpsum
INV0067,2022,2022-11-26,2000,Mirae Asset Flexi Cap Fund,SIP
INV0067,2022,2022-12-25,2000,Mirae Asset Flexi Cap Fund,SIP
INV0067,2022,2023-01-23,2000,Mirae Asset Flexi Cap Fund,SIP
INV0067,2022,2023-02-22,2000,Mirae Asset Flexi Cap Fund,SIP
INV0067,2022,2023-03-26,2000,Mirae Asset Flexi Cap Fund,SIP
INV0068,2022,2021-12-27,2000,Canara Robeco Flexi Cap,SIP
INV0068,2022,2022-02-02,2000,Canara Robeco Flexi Cap,SIP
INV0068,2022,2022-02-26,2000,Canara Robeco Flexi Cap,SIP
INV0068,2022,2022-03-29,2000,Canara Robeco Flexi Cap,SIP
INV0068,2022,2022-04-29,2000,Canara Robeco Flexi Cap,SIP
INV0068,2022,2022-06-03,2000,Canara Robeco Flexi Cap,Lumpsum
INV0068,2022,2022-07-01,2000,Canara Robeco Flexi Cap,SIP
INV0068,2022,2022-07-26,2000,Canara Robeco Flexi Cap,SIP
INV0068,2022,2022-08-27,2000,Canara Robeco Flexi Cap,SIP
INV0068,2022,2022-09-30,2000,Canara Robeco Flexi Cap,SIP
INV0068,2022,2022-10-27,2000,Canara Robeco Flexi Cap,Lumpsum
INV0068,2022,2022-11-23,2000,Canara Robeco Flexi Cap,SIP
INV0068,2022,2022-12-22,2000,Canara Robeco Flexi Cap,Lumpsum
INV0068,2022,2023-01-27,2000,Canara Robeco Flexi Cap,SIP
INV0068,2022,2023-02-27,2000,Canara Robeco Flexi Cap,SIP
INV0068,2022,2023-03-31,2000,Canara Robeco Flexi Cap,SIP
INV0068,2022,2023-04-26,2000,Canara Robeco Flexi Cap,SIP
INV0068,2022,2023-05-24,2000,Canara Robeco Flexi Cap,SIP
INV0068,2022,2023-06-22,2000,Canara Robeco Flexi Cap,Lumpsum
INV0068,2022,2023-07-27,2000,Canara Robeco Flexi Cap,Lumpsum
INV0069,2022,2021-12-27,2000,DSP Small Cap Fund,SIP
INV0069,2022,2022-01-27,2000,DSP Small Cap Fund,SIP
INV0069,2022,2022-03-01,2000,DSP Small Cap Fund,Lumpsum
INV0069,2022,2022-04-03,2000,DSP Small Cap Fund,SIP
INV0069,2022,2022-05-02,2000,DSP Small Cap Fund,SIP
INV0069,2022,2022-05-31,2000,DSP Small Cap Fund,SIP
INV0069,2022,2022-07-03,2000,DSP Small Cap Fund,Lumpsum
INV0069,2022,2022-07-26,2000,DSP Small Cap Fund,SIP
INV0069,2022,2022-08-28,2000,DSP Small Cap Fund,SIP
INV0069,2022,2022-09-24,2000,DSP Small Cap Fund,SIP
INV0069,2022,2022-10-25,2000,DSP Small Cap Fund,SIP
INV0069,2022,2022-11-27,2000,DSP Small Cap Fund,SIP
INV0070,2022,2022-01-01,10000,Tata Small Cap Fund,SIP
INV0070,2022,2022-02-01,10000,Tata Small Cap Fund,SIP
INV0070,2022,2022-03-05,10000,Tata Small Cap Fund,SIP
INV0070,2022,2022-04-03,10000,Tata Small Cap Fund,SIP
INV0070,2022,2022-05-03,10000,Tata Small Cap Fund,SIP
INV0070,2022,2022-05-30,10000,Tata Small Cap Fund,Lumpsum
INV0070,2022,2022-06-28,10000,Tata Small Cap Fund,SIP
INV0070,2022,2022-08-03,10000,Tata Small Cap Fund,SIP
INV0071,2022,2022-01-02,1000,DSP Top 100 Equity Fund,SIP
INV0071,2022,2022-01-27,1000,DSP Top 100 Equity Fund,SIP
INV0071,2022,2022-03-05,1000,DSP Top 100 Equity Fund,SIP
INV0071,2022,2022-04-01,1000,DSP Top 100 Equity Fund,Lumpsum
INV0071,2022,2022-05-05,1000,DSP Top 100 Equity Fund,SIP
INV0071,2022,2022-05-26,1000,DSP Top 100 Equity Fund,SIP
INV0071,2022,2022-07-03,1000,DSP Top 100 Equity Fund,Lumpsum
INV0071,2022,2022-08-02,1000,DSP Top 100 Equity Fund,SIP
INV0071,2022,2022-08-26,1000,DSP Top 100 Equity Fund,Lumpsum
INV0071,2022,2022-09-28,1000,DSP Top 100 Equity Fund,Lumpsum
INV0071,2022,2022-10-27,1000,DSP Top 100 Equity Fund,SIP
INV0071,2022,2022-11-25,1000,DSP Top 100 Equity Fund,SIP
INV0071,2022,2022-12-29,1000,DSP Top 100 Equity Fund,SIP
INV0071,2022,2023-01-30,1000,DSP Top 100 Equity Fund,SIP
INV0071,2022,2023-02-24,1000,DSP Top 100 Equity Fund,SIP
INV0071,2022,2023-03-28,1000,DSP Top 100 Equity Fund,SIP
INV0071,2022,2023-04-26,1000,DSP Top 100 Equity Fund,SIP
INV0071,2022,2023-05-29,1000,DSP Top 100 Equity Fund,SIP
INV0071,2022,2023-06-20,1000,DSP Top 100 Equity Fund,SIP
INV0072,2022,2021-12-29,5000,Axis Small Cap Fund,SIP
INV0072,2022,2022-02-04,5000,Axis Small Cap Fund,SIP
INV0072,2022,2022-02-28,5000,Axis Small Cap Fund,SIP
INV0072,2022,2022-04-03,5000,Axis Small Cap Fund,SIP
INV0072,2022,2022-04-27,5000,Axis Small Cap Fund,SIP
INV0072,2022,2022-05-28,5000,Axis Small Cap Fund,SIP
INV0072,2022,2022-06-27,5000,Axis Small Cap Fund,SIP
INV0072,2022,2022-08-03,5000,Axis Small Cap Fund,SIP
INV0072,2022,2022-08-27,5000,Axis Small Cap Fund,SIP
INV0072,2022,2022-09-26,5000,Axis Small Cap Fund,SIP
INV0072,2022,2022-10-23,5000,Axis Small Cap Fund,SIP
INV0072,2022,2022-11-23,5000,Axis Small Cap Fund,SIP
INV0072,2022,2022-12-22,5000,Axis Small Cap Fund,SIP
INV0072,2022,2023-01-29,5000,Axis Small Cap Fund,Lumpsum
INV0072,2022,2023-02-20,5000,Axis Small Cap Fund,SIP
INV0072,2022,2023-03-25,5000,Axis Small Cap Fund,SIP
INV0072,2022,2023-04-26,5000,Axis Small Cap Fund,Lumpsum
INV0072,2022,2023-05-27,5000,Axis Small Cap Fund,SIP
INV0072,2022,2023-06-24,5000,Axis Small Cap Fund,SIP
INV0073,2022,2021-12-29,10000,DSP Top 100 Equity Fund,SIP
INV0073,2022,2022-01-26,10000,DSP Top 100 Equity Fund,SIP
INV0073,2022,2022-03-02,10000,DSP Top 100 Equity Fund,SIP
INV0073,2022,2022-03-27,10000,DSP Top 100 Equity Fund,Lumpsum
INV0073,2022,2022-04-28,10000,DSP Top 100 Equity Fund,Lumpsum
INV0073,2022,2022-06-04,10000,DSP Top 100 Equity Fund,Lumpsum
INV0073,2022,2022-07-04,10000,DSP Top 100 Equity Fund,Lumpsum
INV0073,2022,2022-07-29,10000,DSP Top 100 Equity Fund,SIP
INV0073,2022,2022-08-28,10000,DSP Top 100 Equity Fund,SIP
INV0073,2022,2022-09-27,10000,DSP Top 100 Equity Fund,SIP
INV0073,2022,2022-11-01,10000,DSP Top 100 Equity Fund,SIP
INV0073,2022,2022-11-28,10000,DSP Top 100 Equity Fund,Lumpsum
INV0073,2022,2022-12-24,10000,DSP Top 100 Equity Fund,SIP
INV0073,2022,2023-01-29,10000,DSP Top 100 Equity Fund,SIP
INV0073,2022,2023-02-28,10000,DSP Top 100 Equity Fund,SIP
INV0073,2022,2023-03-30,10000,DSP Top 100 Equity Fund,SIP
INV0073,2022,2023-04-28,10000,DSP Top 100 Equity Fund,SIP
INV0073,2022,2023-05-25,10000,DSP Top 100 Equity Fund,SIP
INV0073,2022,2023-06-29,10000,DSP Top 100 Equity Fund,SIP
INV0073,2022,2023-07-26,10000,DSP Top 100 Equity Fund,SIP
INV0073,2022,2023-08-26,10000,DSP Top 100 Equity Fund,Lumpsum
INV0073,2022,2023-09-23,10000,DSP Top 100 Equity Fund,SIP
INV0073,2022,2023-10-26,10000,DSP Top 100 Equity Fund,SIP
INV0074,2022,2021-12-30,5000,Canara Robeco Bluechip,SIP
INV0074,2022,2022-01-29,5000,Canara Robeco Bluechip,SIP
INV0074,2022,2022-03-05,5000,Canara Robeco Bluechip,SIP
INV0074,2022,2022-03-28,5000,Canara Robeco Bluechip,SIP
INV0074,2022,2022-05-02,5000,Canara Robeco Bluechip,SIP
INV0074,2022,2022-05-27,5000,Canara Robeco Bluechip,SIP
INV0074,2022,2022-06-28,5000,Canara Robeco Bluechip,SIP
INV0074,2022,2022-07-31,5000,Canara Robeco Bluechip,SIP
INV0074,2022,2022-09-02,5000,Canara Robeco Bluechip,SIP
INV0074,2022,2022-10-01,5000,Canara Robeco Bluechip,SIP
INV0074,2022,2022-10-27,5000,Canara Robeco Bluechip,SIP
INV0074,2022,2022-11-24,5000,Canara Robeco Bluechip,SIP
INV0074,2022,2022-12-26,5000,Canara Robeco Bluechip,SIP
INV0074,2022,2023-01-23,5000,Canara Robeco Bluechip,SIP
INV0074,2022,2023-02-24,5000,Canara Robeco Bluechip,SIP
INV0074,2022,2023-03-30,5000,Canara Robeco Bluechip,SIP
INV0074,2022,2023-04-21,5000,Canara Robeco Bluechip,SIP
INV0074,2022,2023-05-24,5000,Canara Robeco Bluechip,SIP
INV0075,2022,2021-12-27,1000,Nippon India Large Cap,Lumpsum
INV0075,2022,2022-01-27,1000,Nippon India Large Cap,SIP
INV0075,2022,2022-03-05,1000,Nippon India Large Cap,SIP
INV0075,2022,2022-03-27,1000,Nippon India Large Cap,SIP
INV0075,2022,2022-05-01,1000,Nippon India Large Cap,SIP
INV0075,2022,2022-05-27,1000,Nippon India Large Cap,SIP
INV0076,2022,2022-01-01,10000,Mirae Asset Large Cap,Lumpsum
INV0076,2022,2022-01-27,10000,Mirae Asset Large Cap,SIP
INV0076,2022,2022-02-27,10000,Mirae Asset Large Cap,SIP
INV0076,2022,2022-04-01,10000,Mirae Asset Large Cap,SIP
INV0076,2022,2022-05-03,10000,Mirae Asset Large Cap,SIP
INV0076,2022,2022-06-04,10000,Mirae Asset Large Cap,Lumpsum
INV0076,2022,2022-06-27,10000,Mirae Asset Large Cap,SIP
INV0077,2022,2021-12-30,10000,Mirae Asset Midcap Fund,SIP
INV0077,2022,2022-02-02,10000,Mirae Asset Midcap Fund,SIP
INV0077,2022,2022-03-02,10000,Mirae Asset Midcap Fund,SIP
INV0077,2022,2022-04-04,10000,Mirae Asset Midcap Fund,SIP
INV0077,2022,2022-05-05,10000,Mirae Asset Midcap Fund,SIP
INV0077,2022,2022-05-27,10000,Mirae Asset Midcap Fund,SIP
INV0077,2022,2022-06-27,10000,Mirae Asset Midcap Fund,Lumpsum
INV0077,2022,2022-07-25,10000,Mirae Asset Midcap Fund,SIP
INV0077,2022,2022-08-26,10000,Mirae Asset Midcap Fund,SIP
INV0078,2022,2021-12-29,5000,UTI Mid Cap Fund,SIP
INV0078,2022,2022-02-02,5000,UTI Mid Cap Fund,SIP
INV0078,2022,2022-03-04,5000,UTI Mid Cap Fund,SIP
INV0078,2022,2022-04-04,5000,UTI Mid Cap Fund,SIP
INV0078,2022,2022-04-30,5000,UTI Mid Cap Fund,SIP
INV0078,2022,2022-06-03,5000,UTI Mid Cap Fund,SIP
INV0078,2022,2022-07-02,5000,UTI Mid Cap Fund,SIP
INV0078,2022,2022-07-28,5000,UTI Mid Cap Fund,SIP
INV0078,2022,2022-08-25,5000,UTI Mid Cap Fund,SIP
INV0078,2022,2022-09-25,5000,UTI Mid Cap Fund,SIP
INV0078,2022,2022-10-24,5000,UTI Mid Cap Fund,SIP
INV0078,2022,2022-11-27,5000,UTI Mid Cap Fund,SIP
INV0078,2022,2022-12-22,5000,UTI Mid Cap Fund,SIP
INV0078,2022,2023-01-28,5000,UTI Mid Cap Fund,Lumpsum
INV0078,2022,2023-02-24,5000,UTI Mid Cap Fund,SIP
INV0078,2022,2023-03-27,5000,UTI Mid Cap Fund,Lumpsum
INV0078,2022,2023-04-23,5000,UTI Mid Cap Fund,Lumpsum
INV0078,2022,2023-05-27,5000,UTI Mid Cap Fund,Lumpsum
INV0078,2022,2023-06-26,5000,UTI Mid Cap Fund,SIP
INV0078,2022,2023-07-21,5000,UTI Mid Cap Fund,SIP
INV0078,2022,2023-08-24,5000,UTI Mid Cap Fund,Lumpsum
INV0078,2022,2023-09-24,5000,UTI Mid Cap Fund,SIP
INV0078,2022,2023-10-22,5000,UTI Mid Cap Fund,SIP
INV0079,2022,2022-01-05,1000,Axis Bluechip Fund,SIP
INV0079,2022,2022-01-30,1000,Axis Bluechip Fund,Lumpsum
INV0079,2022,2022-03-05,1000,Axis Bluechip Fund,Lumpsum
INV0079,2022,2022-03-28,1000,Axis Bluechip Fund,SIP
INV0079,2022,2022-05-04,1000,Axis Bluechip Fund,SIP
INV0079,2022,2022-06-03,1000,Axis Bluechip Fund,SIP
INV0079,2022,2022-06-26,1000,Axis Bluechip Fund,Lumpsum
INV0080,2022,2021-12-31,5000,ICICI Pru Smallcap Fund,SIP
INV0080,2022,2022-02-04,5000,ICICI Pru Smallcap Fund,SIP
INV0080,2022,2022-03-01,5000,ICICI Pru Smallcap Fund,SIP
INV0080,2022,2022-03-28,5000,ICICI Pru Smallcap Fund,SIP
INV0080,2022,2022-04-27,5000,ICICI Pru Smallcap Fund,SIP
INV0080,2022,2022-06-03,5000,ICICI Pru Smallcap Fund,SIP
INV0080,2022,2022-06-30,5000,ICICI Pru Smallcap Fund,SIP
INV0080,2022,2022-07-27,5000,ICICI Pru Smallcap Fund,SIP
INV0080,2022,2022-08-25,5000,ICICI Pru Smallcap Fund,SIP
INV0080,2022,2022-09-30,5000,ICICI Pru Smallcap Fund,SIP
INV0080,2022,2022-10-29,5000,ICICI Pru Smallcap Fund,SIP
INV0080,2022,2022-11-25,5000,ICICI Pru Smallcap Fund,SIP
INV0080,2022,2022-12-29,5000,ICICI Pru Smallcap Fund,SIP
INV0080,2022,2023-01-23,5000,ICICI Pru Smallcap Fund,SIP
INV0080,2022,2023-02-28,5000,ICICI Pru Smallcap Fund,SIP
INV0080,2022,2023-03-26,5000,ICICI Pru Smallcap Fund,SIP
INV0080,2022,2023-04-25,5000,ICICI Pru Smallcap Fund,SIP
INV0080,2022,2023-05-24,5000,ICICI Pru Smallcap Fund,Lumpsum
INV0080,2022,2023-06-20,5000,ICICI Pru Smallcap Fund,SIP
INV0080,2022,2023-07-22,5000,ICICI Pru Smallcap Fund,SIP
INV0080,2022,2023-08-20,5000,ICICI Pru Smallcap Fund,SIP
INV0081,2023,2023-01-03,3000,SBI Small Cap Fund,SIP
INV0081,2023,2023-01-29,3000,SBI Small Cap Fund,SIP
INV0081,2023,2023-02-27,3000,SBI Small Cap Fund,SIP
INV0081,2023,2023-03-30,3000,SBI Small Cap Fund,SIP
INV0081,2023,2023-05-03,3000,SBI Small Cap Fund,SIP
INV0081,2023,2023-06-04,3000,SBI Small Cap Fund,Lumpsum
INV0081,2023,2023-06-30,3000,SBI Small Cap Fund,Lumpsum
INV0082,2023,2022-12-29,3000,ICICI Pru Focused Equity,Lumpsum
INV0082,2023,2023-01-29,3000,ICICI Pru Focused Equity,Lumpsum
INV0082,2023,2023-03-05,3000,ICICI Pru Focused Equity,SIP
INV0082,2023,2023-04-02,3000,ICICI Pru Focused Equity,SIP
INV0082,2023,2023-04-28,3000,ICICI Pru Focused Equity,Lumpsum
INV0082,2023,2023-06-02,3000,ICICI Pru Focused Equity,SIP
INV0082,2023,2023-06-28,3000,ICICI Pru Focused Equity,SIP
INV0082,2023,2023-08-02,3000,ICICI Pru Focused Equity,SIP
INV0082,2023,2023-08-31,3000,ICICI Pru Focused Equity,SIP
INV0082,2023,2023-09-27,3000,ICICI Pru Focused Equity,SIP
INV0082,2023,2023-10-31,3000,ICICI Pru Focused Equity,SIP
INV0082,2023,2023-11-25,3000,ICICI Pru Focused Equity,Lumpsum
INV0082,2023,2023-12-23,3000,ICICI Pru Focused Equity,SIP
INV0082,2023,2024-01-26,3000,ICICI Pru Focused Equity,Lumpsum
INV0082,2023,2024-02-26,3000,ICICI Pru Focused Equity,SIP
INV0083,2023,2022-12-29,1000,Nippon India Small Cap,SIP
INV0083,2023,2023-01-27,1000,Nippon India Small Cap,SIP
INV0083,2023,2023-03-01,1000,Nippon India Small Cap,SIP
INV0083,2023,2023-03-30,1000,Nippon India Small Cap,SIP
INV0083,2023,2023-04-26,1000,Nippon India Small Cap,SIP
INV0083,2023,2023-06-03,1000,Nippon India Small Cap,Lumpsum
INV0083,2023,2023-06-28,1000,Nippon India Small Cap,Lumpsum
INV0083,2023,2023-07-26,1000,Nippon India Small Cap,Lumpsum
INV0083,2023,2023-08-24,1000,Nippon India Small Cap,SIP
INV0083,2023,2023-09-29,1000,Nippon India Small Cap,SIP
INV0083,2023,2023-10-28,1000,Nippon India Small Cap,SIP
INV0083,2023,2023-11-30,1000,Nippon India Small Cap,SIP
INV0083,2023,2023-12-25,1000,Nippon India Small Cap,SIP
INV0083,2023,2024-01-28,1000,Nippon India Small Cap,Lumpsum
INV0083,2023,2024-02-25,1000,Nippon India Small Cap,SIP
INV0083,2023,2024-03-23,1000,Nippon India Small Cap,SIP
INV0083,2023,2024-04-26,1000,Nippon India Small Cap,SIP
INV0084,2023,2022-12-29,5000,Nippon India Growth Fund,SIP
INV0084,2023,2023-01-27,5000,Nippon India Growth Fund,SIP
INV0084,2023,2023-03-03,5000,Nippon India Growth Fund,Lumpsum
INV0084,2023,2023-04-03,5000,Nippon India Growth Fund,SIP
INV0084,2023,2023-05-01,5000,Nippon India Growth Fund,Lumpsum
INV0084,2023,2023-05-27,5000,Nippon India Growth Fund,SIP
INV0084,2023,2023-06-30,5000,Nippon India Growth Fund,SIP
INV0084,2023,2023-08-01,5000,Nippon India Growth Fund,SIP
INV0084,2023,2023-09-02,5000,Nippon India Growth Fund,Lumpsum
INV0084,2023,2023-09-23,5000,Nippon India Growth Fund,SIP
INV0084,2023,2023-10-25,5000,Nippon India Growth Fund,SIP
INV0084,2023,2023-11-25,5000,Nippon India Growth Fund,SIP
INV0084,2023,2023-12-27,5000,Nippon India Growth Fund,Lumpsum
INV0084,2023,2024-01-21,5000,Nippon India Growth Fund,SIP
INV0084,2023,2024-02-23,5000,Nippon India Growth Fund,SIP
INV0084,2023,2024-03-30,5000,Nippon India Growth Fund,SIP
INV0084,2023,2024-04-24,5000,Nippon India Growth Fund,SIP
INV0085,2023,2022-12-27,2000,Canara Robeco Bluechip,SIP
INV0085,2023,2023-02-02,2000,Canara Robeco Bluechip,SIP
INV0085,2023,2023-03-03,2000,Canara Robeco Bluechip,SIP
INV0085,2023,2023-04-02,2000,Canara Robeco Bluechip,SIP
INV0085,2023,2023-04-28,2000,Canara Robeco Bluechip,SIP
INV0085,2023,2023-05-26,2000,Canara Robeco Bluechip,SIP
INV0085,2023,2023-06-27,2000,Canara Robeco Bluechip,SIP
INV0085,2023,2023-08-01,2000,Canara Robeco Bluechip,SIP
INV0085,2023,2023-08-24,2000,Canara Robeco Bluechip,Lumpsum
INV0085,2023,2023-09-29,2000,Canara Robeco Bluechip,Lumpsum
INV0086,2023,2023-01-02,10000,UTI Mastershare Fund,SIP
INV0086,2023,2023-02-01,10000,UTI Mastershare Fund,SIP
INV0086,2023,2023-02-28,10000,UTI Mastershare Fund,SIP
INV0086,2023,2023-03-28,10000,UTI Mastershare Fund,SIP
INV0086,2023,2023-04-26,10000,UTI Mastershare Fund,SIP
INV0086,2023,2023-05-27,10000,UTI Mastershare Fund,SIP
INV0086,2023,2023-07-02,10000,UTI Mastershare Fund,SIP
INV0086,2023,2023-07-25,10000,UTI Mastershare Fund,SIP
INV0086,2023,2023-08-26,10000,UTI Mastershare Fund,SIP
INV0086,2023,2023-09-29,10000,UTI Mastershare Fund,SIP
INV0086,2023,2023-10-31,10000,UTI Mastershare Fund,SIP
INV0086,2023,2023-11-24,10000,UTI Mastershare Fund,SIP
INV0086,2023,2023-12-31,10000,UTI Mastershare Fund,SIP
INV0086,2023,2024-01-23,10000,UTI Mastershare Fund,Lumpsum
INV0086,2023,2024-02-28,10000,UTI Mastershare Fund,SIP
INV0086,2023,2024-03-23,10000,UTI Mastershare Fund,SIP
INV0086,2023,2024-04-24,10000,UTI Mastershare Fund,Lumpsum
INV0086,2023,2024-05-25,10000,UTI Mastershare Fund,Lumpsum
INV0086,2023,2024-06-26,10000,UTI Mastershare Fund,Lumpsum
INV0087,2023,2022-12-27,1000,Tata Large Cap Fund,SIP
INV0087,2023,2023-02-04,1000,Tata Large Cap Fund,Lumpsum
INV0087,2023,2023-02-25,1000,Tata Large Cap Fund,SIP
INV0087,2023,2023-04-04,1000,Tata Large Cap Fund,SIP
INV0087,2023,2023-05-04,1000,Tata Large Cap Fund,SIP
INV0087,2023,2023-05-30,1000,Tata Large Cap Fund,SIP
INV0087,2023,2023-06-26,1000,Tata Large Cap Fund,SIP
INV0087,2023,2023-07-31,1000,Tata Large Cap Fund,SIP
INV0088,2023,2022-12-28,2000,Nippon India Small Cap,SIP
INV0088,2023,2023-01-28,2000,Nippon India Small Cap,Lumpsum
INV0088,2023,2023-03-05,2000,Nippon India Small Cap,SIP
INV0088,2023,2023-04-03,2000,Nippon India Small Cap,Lumpsum
INV0088,2023,2023-05-05,2000,Nippon India Small Cap,SIP
INV0088,2023,2023-05-31,2000,Nippon India Small Cap,SIP
INV0088,2023,2023-06-25,2000,Nippon India Small Cap,SIP
INV0088,2023,2023-07-26,2000,Nippon India Small Cap,SIP
INV0088,2023,2023-08-28,2000,Nippon India Small Cap,SIP
INV0088,2023,2023-09-27,2000,Nippon India Small Cap,Lumpsum
INV0088,2023,2023-10-23,2000,Nippon India Small Cap,Lumpsum
INV0088,2023,2023-11-24,2000,Nippon India Small Cap,SIP
INV0088,2023,2023-12-23,2000,Nippon India Small Cap,SIP
INV0088,2023,2024-01-21,2000,Nippon India Small Cap,SIP
INV0088,2023,2024-02-24,2000,Nippon India Small Cap,SIP
INV0088,2023,2024-03-24,2000,Nippon India Small Cap,SIP
INV0088,2023,2024-04-25,2000,Nippon India Small Cap,SIP
INV0089,2023,2022-12-30,5000,Mirae Asset Large Cap,SIP
INV0089,2023,2023-01-31,5000,Mirae Asset Large Cap,Lumpsum
INV0089,2023,2023-03-06,5000,Mirae Asset Large Cap,SIP
INV0089,2023,2023-04-01,5000,Mirae Asset Large Cap,SIP
INV0089,2023,2023-04-30,5000,Mirae Asset Large Cap,SIP
INV0089,2023,2023-05-30,5000,Mirae Asset Large Cap,Lumpsum
INV0089,2023,2023-06-29,5000,Mirae Asset Large Cap,Lumpsum
INV0089,2023,2023-07-29,5000,Mirae Asset Large Cap,SIP
INV0090,2023,2022-12-27,5000,ICICI Pru Midcap Fund,SIP
INV0090,2023,2023-01-29,5000,ICICI Pru Midcap Fund,SIP
INV0090,2023,2023-03-02,5000,ICICI Pru Midcap Fund,SIP
INV0090,2023,2023-03-31,5000,ICICI Pru Midcap Fund,SIP
INV0090,2023,2023-04-27,5000,ICICI Pru Midcap Fund,SIP
INV0090,2023,2023-05-30,5000,ICICI Pru Midcap Fund,Lumpsum
INV0090,2023,2023-06-27,5000,ICICI Pru Midcap Fund,SIP
INV0090,2023,2023-07-26,5000,ICICI Pru Midcap Fund,SIP
INV0090,2023,2023-08-26,5000,ICICI Pru Midcap Fund,SIP
INV0090,2023,2023-09-27,5000,ICICI Pru Midcap Fund,SIP
INV0090,2023,2023-10-27,5000,ICICI Pru Midcap Fund,Lumpsum
INV0090,2023,2023-11-28,5000,ICICI Pru Midcap Fund,SIP
INV0090,2023,2023-12-22,5000,ICICI Pru Midcap Fund,SIP
INV0090,2023,2024-01-28,5000,ICICI Pru Midcap Fund,Lumpsum
INV0091,2023,2022-12-30,10000,HDFC Flexi Cap Fund,SIP
INV0091,2023,2023-01-26,10000,HDFC Flexi Cap Fund,SIP
INV0091,2023,2023-02-26,10000,HDFC Flexi Cap Fund,SIP
INV0091,2023,2023-04-04,10000,HDFC Flexi Cap Fund,SIP
INV0091,2023,2023-04-28,10000,HDFC Flexi Cap Fund,SIP
INV0091,2023,2023-05-30,10000,HDFC Flexi Cap Fund,SIP
INV0091,2023,2023-06-29,10000,HDFC Flexi Cap Fund,SIP
INV0091,2023,2023-07-28,10000,HDFC Flexi Cap Fund,Lumpsum
INV0091,2023,2023-08-28,10000,HDFC Flexi Cap Fund,SIP
INV0091,2023,2023-09-28,10000,HDFC Flexi Cap Fund,SIP
INV0091,2023,2023-10-28,10000,HDFC Flexi Cap Fund,SIP
INV0091,2023,2023-11-28,10000,HDFC Flexi Cap Fund,SIP
INV0091,2023,2023-12-22,10000,HDFC Flexi Cap Fund,SIP
INV0091,2023,2024-01-29,10000,HDFC Flexi Cap Fund,Lumpsum
INV0091,2023,2024-02-25,10000,HDFC Flexi Cap Fund,SIP
INV0091,2023,2024-03-23,10000,HDFC Flexi Cap Fund,SIP
INV0092,2023,2023-01-02,5000,DSP Small Cap Fund,SIP
INV0092,2023,2023-01-31,5000,DSP Small Cap Fund,SIP
INV0092,2023,2023-03-04,5000,DSP Small Cap Fund,SIP
INV0092,2023,2023-04-04,5000,DSP Small Cap Fund,SIP
INV0092,2023,2023-04-26,5000,DSP Small Cap Fund,Lumpsum
INV0092,2023,2023-05-27,5000,DSP Small Cap Fund,SIP
INV0092,2023,2023-06-28,5000,DSP Small Cap Fund,Lumpsum
INV0092,2023,2023-07-27,5000,DSP Small Cap Fund,SIP
INV0092,2023,2023-09-01,5000,DSP Small Cap Fund,SIP
INV0092,2023,2023-09-23,5000,DSP Small Cap Fund,SIP
INV0092,2023,2023-10-23,5000,DSP Small Cap Fund,Lumpsum
INV0093,2023,2022-12-31,3000,Canara Robeco Flexi Cap,SIP
INV0093,2023,2023-02-01,3000,Canara Robeco Flexi Cap,SIP
INV0093,2023,2023-03-02,3000,Canara Robeco Flexi Cap,SIP
INV0093,2023,2023-03-29,3000,Canara Robeco Flexi Cap,SIP
INV0093,2023,2023-05-05,3000,Canara Robeco Flexi Cap,SIP
INV0093,2023,2023-05-30,3000,Canara Robeco Flexi Cap,SIP
INV0093,2023,2023-06-26,3000,Canara Robeco Flexi Cap,SIP
INV0093,2023,2023-07-27,3000,Canara Robeco Flexi Cap,SIP
INV0094,2023,2022-12-29,1000,Nippon India Small Cap,Lumpsum
INV0094,2023,2023-02-02,1000,Nippon India Small Cap,Lumpsum
INV0094,2023,2023-03-04,1000,Nippon India Small Cap,SIP
INV0094,2023,2023-04-02,1000,Nippon India Small Cap,SIP
INV0094,2023,2023-04-29,1000,Nippon India Small Cap,Lumpsum
INV0094,2023,2023-05-26,1000,Nippon India Small Cap,SIP
INV0094,2023,2023-07-02,1000,Nippon India Small Cap,Lumpsum
INV0094,2023,2023-08-02,1000,Nippon India Small Cap,SIP
INV0094,2023,2023-08-27,1000,Nippon India Small Cap,SIP
INV0094,2023,2023-09-30,1000,Nippon India Small Cap,SIP
INV0094,2023,2023-10-24,1000,Nippon India Small Cap,SIP
INV0094,2023,2023-11-25,1000,Nippon India Small Cap,SIP
INV0094,2023,2023-12-27,1000,Nippon India Small Cap,SIP
INV0094,2023,2024-01-28,1000,Nippon India Small Cap,SIP
INV0094,2023,2024-02-21,1000,Nippon India Small Cap,SIP
INV0094,2023,2024-03-23,1000,Nippon India Small Cap,SIP
INV0094,2023,2024-04-21,1000,Nippon India Small Cap,SIP
INV0094,2023,2024-05-26,1000,Nippon India Small Cap,Lumpsum
INV0094,2023,2024-06-24,1000,Nippon India Small Cap,SIP
INV0094,2023,2024-07-20,1000,Nippon India Small Cap,SIP
INV0095,2023,2022-12-29,5000,HDFC Flexi Cap Fund,Lumpsum
INV0095,2023,2023-02-02,5000,HDFC Flexi Cap Fund,SIP
INV0095,2023,2023-03-02,5000,HDFC Flexi Cap Fund,SIP
INV0095,2023,2023-03-31,5000,HDFC Flexi Cap Fund,Lumpsum
INV0095,2023,2023-04-26,5000,HDFC Flexi Cap Fund,SIP
INV0095,2023,2023-05-30,5000,HDFC Flexi Cap Fund,SIP
INV0095,2023,2023-06-27,5000,HDFC Flexi Cap Fund,SIP
INV0095,2023,2023-08-02,5000,HDFC Flexi Cap Fund,SIP
INV0095,2023,2023-08-24,5000,HDFC Flexi Cap Fund,SIP
INV0095,2023,2023-10-02,5000,HDFC Flexi Cap Fund,SIP
INV0095,2023,2023-10-30,5000,HDFC Flexi Cap Fund,SIP
INV0095,2023,2023-11-25,5000,HDFC Flexi Cap Fund,SIP
INV0096,2023,2022-12-30,2000,ICICI Pru Smallcap Fund,SIP
INV0096,2023,2023-01-31,2000,ICICI Pru Smallcap Fund,SIP
INV0096,2023,2023-02-28,2000,ICICI Pru Smallcap Fund,SIP
INV0096,2023,2023-04-02,2000,ICICI Pru Smallcap Fund,SIP
INV0096,2023,2023-05-02,2000,ICICI Pru Smallcap Fund,SIP
INV0096,2023,2023-05-27,2000,ICICI Pru Smallcap Fund,SIP
INV0096,2023,2023-06-26,2000,ICICI Pru Smallcap Fund,SIP
INV0096,2023,2023-08-02,2000,ICICI Pru Smallcap Fund,SIP
INV0096,2023,2023-09-01,2000,ICICI Pru Smallcap Fund,SIP
INV0096,2023,2023-10-02,2000,ICICI Pru Smallcap Fund,SIP
INV0096,2023,2023-10-24,2000,ICICI Pru Smallcap Fund,SIP
INV0096,2023,2023-11-27,2000,ICICI Pru Smallcap Fund,Lumpsum
INV0096,2023,2023-12-29,2000,ICICI Pru Smallcap Fund,Lumpsum
INV0096,2023,2024-01-29,2000,ICICI Pru Smallcap Fund,SIP
INV0096,2023,2024-02-28,2000,ICICI Pru Smallcap Fund,SIP
INV0096,2023,2024-03-29,2000,ICICI Pru Smallcap Fund,SIP
INV0096,2023,2024-04-22,2000,ICICI Pru Smallcap Fund,SIP
INV0096,2023,2024-05-21,2000,ICICI Pru Smallcap Fund,SIP
INV0096,2023,2024-06-22,2000,ICICI Pru Smallcap Fund,Lumpsum
INV0097,2023,2023-01-01,3000,Aditya Birla SL Frontline,SIP
INV0097,2023,2023-01-28,3000,Aditya Birla SL Frontline,SIP
INV0097,2023,2023-03-06,3000,Aditya Birla SL Frontline,SIP
INV0097,2023,2023-03-27,3000,Aditya Birla SL Frontline,Lumpsum
INV0097,2023,2023-05-04,3000,Aditya Birla SL Frontline,SIP
INV0097,2023,2023-06-04,3000,Aditya Birla SL Frontline,SIP
INV0097,2023,2023-06-29,3000,Aditya Birla SL Frontline,SIP
INV0097,2023,2023-07-29,3000,Aditya Birla SL Frontline,Lumpsum
INV0097,2023,2023-08-24,3000,Aditya Birla SL Frontline,SIP
INV0097,2023,2023-10-01,3000,Aditya Birla SL Frontline,SIP
INV0097,2023,2023-10-27,3000,Aditya Birla SL Frontline,SIP
INV0097,2023,2023-11-24,3000,Aditya Birla SL Frontline,SIP
INV0097,2023,2023-12-31,3000,Aditya Birla SL Frontline,SIP
INV0097,2023,2024-01-26,3000,Aditya Birla SL Frontline,Lumpsum
INV0097,2023,2024-02-28,3000,Aditya Birla SL Frontline,SIP
INV0097,2023,2024-03-22,3000,Aditya Birla SL Frontline,SIP
INV0097,2023,2024-04-22,3000,Aditya Birla SL Frontline,SIP
INV0097,2023,2024-05-26,3000,Aditya Birla SL Frontline,SIP
INV0097,2023,2024-06-20,3000,Aditya Birla SL Frontline,SIP
INV0097,2023,2024-07-22,3000,Aditya Birla SL Frontline,Lumpsum
INV0097,2023,2024-08-26,3000,Aditya Birla SL Frontline,SIP
INV0097,2023,2024-09-22,3000,Aditya Birla SL Frontline,Lumpsum
INV0098,2023,2023-01-02,1000,Parag Parikh Flexi Cap,SIP
INV0098,2023,2023-01-27,1000,Parag Parikh Flexi Cap,SIP
INV0098,2023,2023-03-04,1000,Parag Parikh Flexi Cap,SIP
INV0098,2023,2023-03-28,1000,Parag Parikh Flexi Cap,SIP
INV0098,2023,2023-05-01,1000,Parag Parikh Flexi Cap,SIP
INV0098,2023,2023-05-30,1000,Parag Parikh Flexi Cap,SIP
INV0098,2023,2023-06-30,1000,Parag Parikh Flexi Cap,SIP
INV0098,2023,2023-07-28,1000,Parag Parikh Flexi Cap,SIP
INV0098,2023,2023-08-26,1000,Parag Parikh Flexi Cap,SIP
INV0098,2023,2023-09-23,1000,Parag Parikh Flexi Cap,SIP
INV0098,2023,2023-11-01,1000,Parag Parikh Flexi Cap,SIP
INV0098,2023,2023-11-26,1000,Parag Parikh Flexi Cap,SIP
INV0098,2023,2023-12-26,1000,Parag Parikh Flexi Cap,Lumpsum
INV0098,2023,2024-01-22,1000,Parag Parikh Flexi Cap,SIP
INV0098,2023,2024-02-23,1000,Parag Parikh Flexi Cap,Lumpsum
INV0098,2023,2024-03-23,1000,Parag Parikh Flexi Cap,SIP
INV0098,2023,2024-04-25,1000,Parag Parikh Flexi Cap,SIP
INV0098,2023,2024-05-25,1000,Parag Parikh Flexi Cap,SIP
INV0099,2023,2023-01-05,10000,Franklin India Prima Fund,SIP
INV0099,2023,2023-01-31,10000,Franklin India Prima Fund,SIP
INV0099,2023,2023-03-03,10000,Franklin India Prima Fund,SIP
INV0099,2023,2023-03-27,10000,Franklin India Prima Fund,SIP
INV0099,2023,2023-05-05,10000,Franklin India Prima Fund,Lumpsum
INV0099,2023,2023-05-31,10000,Franklin India Prima Fund,SIP
INV0099,2023,2023-07-03,10000,Franklin India Prima Fund,SIP
INV0099,2023,2023-07-30,10000,Franklin India Prima Fund,SIP
INV0099,2023,2023-08-28,10000,Franklin India Prima Fund,SIP
INV0100,2023,2022-12-31,2000,Nippon India Large Cap,SIP
INV0100,2023,2023-02-01,2000,Nippon India Large Cap,Lumpsum
INV0100,2023,2023-02-27,2000,Nippon India Large Cap,SIP
INV0100,2023,2023-04-03,2000,Nippon India Large Cap,SIP
INV0100,2023,2023-05-04,2000,Nippon India Large Cap,SIP
INV0100,2023,2023-05-31,2000,Nippon India Large Cap,SIP
INV0100,2023,2023-07-02,2000,Nippon India Large Cap,SIP
INV0100,2023,2023-08-02,2000,Nippon India Large Cap,Lumpsum
INV0100,2023,2023-08-25,2000,Nippon India Large Cap,SIP
INV0100,2023,2023-09-29,2000,Nippon India Large Cap,SIP
INV0100,2023,2023-10-26,2000,Nippon India Large Cap,Lumpsum
INV0100,2023,2023-11-30,2000,Nippon India Large Cap,SIP
INV0100,2023,2023-12-29,2000,Nippon India Large Cap,Lumpsum
INV0100,2023,2024-01-22,2000,Nippon India Large Cap,SIP
INV0100,2023,2024-02-25,2000,Nippon India Large Cap,SIP
INV0100,2023,2024-03-30,2000,Nippon India Large Cap,SIP
INV0100,2023,2024-04-29,2000,Nippon India Large Cap,Lumpsum
